 스테이지,일반 몬스터 체력,일반 몬스터 공격력,일반 몬스터 외공 방어력,일반 몬스터 내공 방어력,보스 몬스터 체력,보스 몬스터 공격력,보스 몬스터 외공 방어력,보스 몬스터 내공 방어력
Stage,Monster_HP,Monster_Attack,Monster_ExtPowArmor,Monster_InnPowArmor,Boss_HP,Boss_Atk,Boss_ExtPowArmor,Boss_InnPowArmor
int,long,float,long,long,long,float,long,long
1.00,90.00,10.00,0.00,0.00,450.00,30.00,0.00,0.00
2.00,96.30,10.09,0.00,0.00,481.50,30.27,0.00,0.00
3.00,103.04,10.18,0.00,0.00,515.21,30.54,0.00,0.00
4.00,110.25,10.27,0.00,0.00,551.27,30.82,0.00,0.00
5.00,117.97,10.36,0.00,0.00,589.86,31.09,0.00,0.00
6.00,126.23,10.46,0.00,0.00,631.15,31.37,0.00,0.00
7.00,135.07,10.55,0.00,0.00,675.33,31.66,0.00,0.00
8.00,144.52,10.65,0.00,0.00,722.60,31.94,0.00,0.00
9.00,154.64,10.74,0.00,0.00,773.18,32.23,0.00,0.00
10.00,165.46,10.84,0.00,0.00,827.31,32.52,0.00,0.00
11.00,177.04,10.94,0.00,0.00,885.22,32.81,0.00,0.00
12.00,189.44,11.04,0.00,0.00,947.18,33.11,0.00,0.00
13.00,202.70,11.14,0.00,0.00,1013.49,33.41,0.00,0.00
14.00,216.89,11.24,0.00,0.00,1084.43,33.71,0.00,0.00
15.00,232.07,11.34,0.00,0.00,1160.34,34.01,0.00,0.00
16.00,248.31,11.44,0.00,0.00,1241.56,34.32,0.00,0.00
17.00,265.69,11.54,0.00,0.00,1328.47,34.62,0.00,0.00
18.00,284.29,11.65,0.00,0.00,1421.47,34.94,0.00,0.00
19.00,304.19,11.75,0.00,0.00,1520.97,35.25,0.00,0.00
20.00,325.49,11.86,0.00,0.00,1627.44,35.57,0.00,0.00
21.00,348.27,11.96,0.00,0.00,1741.36,35.89,0.00,0.00
22.00,372.65,12.07,0.00,0.00,1863.25,36.21,0.00,0.00
23.00,398.74,12.18,0.00,0.00,1993.68,36.54,0.00,0.00
24.00,426.65,12.29,0.00,0.00,2133.24,36.87,0.00,0.00
25.00,456.51,12.40,0.00,0.00,2739.08,37.20,0.00,0.00
26.00,488.47,12.51,0.00,0.00,2442.34,37.53,0.00,0.00
27.00,522.66,12.62,0.00,0.00,2613.31,37.87,0.00,0.00
28.00,559.25,12.74,0.00,0.00,2796.24,38.21,0.00,0.00
29.00,598.40,12.85,0.00,0.00,2991.98,38.55,0.00,0.00
30.00,640.28,12.97,0.00,0.00,3201.42,38.90,0.00,0.00
31.00,685.10,13.08,0.00,0.00,3425.51,39.25,0.00,0.00
32.00,733.06,13.20,0.00,0.00,3665.30,39.60,0.00,0.00
33.00,784.37,13.32,0.00,0.00,3921.87,39.96,0.00,0.00
34.00,839.28,13.44,0.00,0.00,4196.40,40.32,0.00,0.00
35.00,898.03,13.56,0.00,0.00,4490.15,40.68,0.00,0.00
36.00,960.89,13.68,0.00,0.00,4804.46,41.05,0.00,0.00
37.00,1028.15,13.81,0.00,0.00,5140.77,41.42,0.00,0.00
38.00,1100.13,13.93,0.00,0.00,5500.63,41.79,0.00,0.00
39.00,1177.13,14.06,0.00,0.00,5885.67,42.17,0.00,0.00
40.00,1259.53,14.18,0.00,0.00,6297.67,42.55,0.00,0.00
41.00,1347.70,14.31,0.00,0.00,6738.51,42.93,0.00,0.00
42.00,1442.04,14.44,0.00,0.00,7210.20,43.32,0.00,0.00
43.00,1542.98,14.57,0.00,0.00,7714.92,43.71,0.00,0.00
44.00,1650.99,14.70,0.00,0.00,8254.96,44.10,0.00,0.00
45.00,1766.56,14.83,0.00,0.00,8832.81,44.50,0.00,0.00
46.00,1890.22,14.97,0.00,0.00,9451.10,44.90,0.00,0.00
47.00,2022.54,15.10,0.00,0.00,10112.68,45.30,0.00,0.00
48.00,2164.11,15.24,0.00,0.00,10820.57,45.71,0.00,0.00
49.00,2315.60,15.37,0.00,0.00,11578.01,46.12,0.00,0.00
50.00,2477.69,15.51,0.00,0.00,14866.16,46.54,0.00,0.00
51.00,2824.57,15.65,0.00,0.00,14122.85,46.95,0.00,0.00
52.00,3022.29,15.79,0.00,0.00,15111.45,47.38,0.00,0.00
53.00,3233.85,15.93,0.00,0.00,16169.26,47.80,0.00,0.00
54.00,3460.22,16.08,0.00,0.00,17301.10,48.23,0.00,0.00
55.00,3702.44,16.22,0.00,0.00,18512.18,48.67,0.00,0.00
56.00,3961.61,16.37,0.00,0.00,19808.03,49.11,0.00,0.00
57.00,4238.92,16.52,0.00,0.00,21194.60,49.55,0.00,0.00
58.00,4535.64,16.66,0.00,0.00,22678.22,49.99,0.00,0.00
59.00,4853.14,16.81,0.00,0.00,24265.69,50.44,0.00,0.00
60.00,5192.86,16.97,0.00,0.00,25964.29,50.90,0.00,0.00
61.00,5556.36,17.12,0.00,0.00,27781.79,51.36,0.00,0.00
62.00,5945.30,17.27,0.00,0.00,29726.52,51.82,0.00,0.00
63.00,6361.47,17.43,0.00,0.00,31807.37,52.28,0.00,0.00
64.00,6806.78,17.59,0.00,0.00,34033.89,52.76,0.00,0.00
65.00,7283.25,17.74,0.00,0.00,36416.26,53.23,0.00,0.00
66.00,7793.08,17.90,0.00,0.00,38965.40,53.71,0.00,0.00
67.00,8338.60,18.06,0.00,0.00,41692.98,54.19,0.00,0.00
68.00,8922.30,18.23,0.00,0.00,44611.49,54.68,0.00,0.00
69.00,9546.86,18.39,0.00,0.00,47734.29,55.17,0.00,0.00
70.00,10215.14,18.56,0.00,0.00,51075.69,55.67,0.00,0.00
71.00,10930.20,18.72,0.00,0.00,54650.99,56.17,0.00,0.00
72.00,11695.31,18.89,0.00,0.00,58476.56,56.68,0.00,0.00
73.00,12513.98,19.06,0.00,0.00,62569.92,57.19,0.00,0.00
74.00,13389.96,19.23,0.00,0.00,66949.81,57.70,0.00,0.00
75.00,14327.26,19.41,0.00,0.00,107454.45,58.22,0.00,0.00
76.00,15330.17,19.58,0.00,0.00,76650.84,58.74,0.00,0.00
77.00,16403.28,19.76,0.00,0.00,82016.40,59.27,0.00,0.00
78.00,17551.51,19.94,0.00,0.00,87757.55,59.81,0.00,0.00
79.00,18780.11,20.11,0.00,0.00,93900.57,60.34,0.00,0.00
80.00,20094.72,20.30,0.00,0.00,100473.61,60.89,0.00,0.00
81.00,22907.98,20.48,0.00,0.00,114539.92,61.43,0.00,0.00
82.00,24511.54,20.66,0.00,0.00,122557.71,61.99,0.00,0.00
83.00,26227.35,20.85,0.00,0.00,131136.75,62.55,0.00,0.00
84.00,28063.27,21.04,0.00,0.00,140316.33,63.11,0.00,0.00
85.00,30027.69,21.23,0.00,0.00,150138.47,63.68,0.00,0.00
86.00,32129.63,21.42,0.00,0.00,160648.16,64.25,0.00,0.00
87.00,34378.71,21.61,0.00,0.00,171893.53,64.83,0.00,0.00
88.00,36785.22,21.80,0.00,0.00,183926.08,65.41,0.00,0.00
89.00,39360.18,22.00,0.00,0.00,196800.91,66.00,0.00,0.00
90.00,42115.39,22.20,0.00,0.00,210576.97,66.59,0.00,0.00
91.00,48011.55,22.40,0.00,0.00,240057.75,67.19,0.00,0.00
92.00,51372.36,22.60,0.00,0.00,256861.79,67.80,0.00,0.00
93.00,54968.42,22.80,0.00,0.00,274842.11,68.41,0.00,0.00
94.00,58816.21,23.01,0.00,0.00,294081.06,69.02,0.00,0.00
95.00,62933.35,23.22,0.00,0.00,314666.74,69.65,0.00,0.00
96.00,67338.68,23.42,0.00,0.00,336693.41,70.27,0.00,0.00
97.00,72052.39,23.63,0.00,0.00,360261.95,70.90,0.00,0.00
98.00,77096.06,23.85,0.00,0.00,385480.28,71.54,0.00,0.00
99.00,82492.78,24.06,0.00,0.00,412463.90,72.19,0.00,0.00
100.00,88267.28,24.28,0.00,0.00,662004.57,72.84,0.00,0.00
101.00,94445.98,24.50,0.00,0.00,472229.92,73.49,0.00,0.00
102.00,101057.20,24.72,0.00,0.00,505286.02,74.15,0.00,0.00
103.00,108131.21,24.94,0.00,0.00,540656.04,74.82,0.00,0.00
104.00,115700.39,25.16,0.00,0.00,578501.96,75.49,0.00,0.00
105.00,123799.42,25.39,0.00,0.00,618997.10,76.17,0.00,0.00
106.00,132465.38,25.62,0.00,0.00,662326.90,76.86,0.00,0.00
107.00,141737.96,25.85,0.00,0.00,708689.78,77.55,0.00,0.00
108.00,151659.61,26.08,0.00,0.00,758298.06,78.25,0.00,0.00
109.00,162275.79,26.32,0.00,0.00,811378.93,78.95,0.00,0.00
110.00,173635.09,26.55,0.00,0.00,868175.45,79.66,0.00,0.00
111.00,185789.55,26.79,0.00,0.00,928947.73,80.38,0.00,0.00
112.00,198794.82,27.03,0.00,0.00,993974.08,81.10,0.00,0.00
113.00,212710.45,27.28,0.00,0.00,1063552.26,81.83,0.00,0.00
114.00,227600.18,27.52,0.00,0.00,1138000.92,82.57,0.00,0.00
115.00,243532.20,27.77,0.00,0.00,1217660.98,83.31,0.00,0.00
116.00,260579.45,28.02,0.00,0.00,1302897.25,84.06,0.00,0.00
117.00,278820.01,28.27,0.00,0.00,1394100.06,84.82,0.00,0.00
118.00,298337.41,28.53,0.00,0.00,1491687.07,85.58,0.00,0.00
119.00,319221.03,28.78,0.00,0.00,1596105.16,86.35,0.00,0.00
120.00,341566.50,29.04,0.00,0.00,1707832.52,87.13,0.00,0.00
121.00,365476.16,29.30,0.00,0.00,1827380.80,87.91,0.00,0.00
122.00,391059.49,29.57,0.00,0.00,1955297.45,88.71,0.00,0.00
123.00,418433.66,29.83,0.00,0.00,2092168.28,89.50,0.00,0.00
124.00,447724.01,30.10,0.00,0.00,2238620.05,90.31,0.00,0.00
125.00,479064.69,30.37,0.00,0.00,2874388.15,91.12,0.00,0.00
126.00,512599.22,30.65,0.00,0.00,2562996.10,91.94,300.00,150.00
127.00,548481.17,30.92,0.00,0.00,2742405.83,92.77,600.00,300.00
128.00,586874.85,31.20,0.00,0.00,2934374.24,93.61,900.00,450.00
129.00,627956.09,31.48,0.00,0.00,3139780.43,94.45,1200.00,600.00
130.00,671913.01,31.77,0.00,0.00,3359565.06,95.30,1500.00,750.00
131.00,718946.92,32.05,0.00,0.00,3594734.62,96.16,1800.00,900.00
132.00,769273.21,32.34,0.00,0.00,3846366.04,97.02,2100.00,1050.00
133.00,823122.33,32.63,0.00,0.00,4115611.66,97.89,2400.00,1200.00
134.00,880740.90,32.92,0.00,0.00,4403704.48,98.77,2700.00,1350.00
135.00,942392.76,33.22,0.00,0.00,4711963.79,99.66,3000.00,1500.00
136.00,1008360.25,33.52,0.00,0.00,5041801.26,100.56,3300.00,1650.00
137.00,1078945.47,33.82,0.00,0.00,5394727.35,101.47,3600.00,1800.00
138.00,1154471.65,34.13,0.00,0.00,5772358.26,102.38,3900.00,1950.00
139.00,1235284.67,34.43,0.00,0.00,6176423.34,103.30,4200.00,2100.00
140.00,1321754.59,34.74,0.00,0.00,6608772.97,104.23,4500.00,2250.00
141.00,1414277.42,35.06,0.00,0.00,7071387.08,105.17,4800.00,2400.00
142.00,1513276.83,35.37,0.00,0.00,7566384.17,106.11,5100.00,2550.00
143.00,1619206.21,35.69,0.00,0.00,8096031.07,107.07,5400.00,2700.00
144.00,1732550.65,36.01,0.00,0.00,8662753.24,108.03,5700.00,2850.00
145.00,1853829.19,36.34,0.00,0.00,9269145.97,109.01,6000.00,3000.00
146.00,1983597.24,36.66,0.00,0.00,9917986.19,109.99,6300.00,3150.00
147.00,2122449.04,36.99,0.00,0.00,10612245.22,110.98,6600.00,3300.00
148.00,2271020.48,37.33,0.00,0.00,11355102.38,111.98,6900.00,3450.00
149.00,2429991.91,37.66,0.00,0.00,12149959.55,112.98,7200.00,3600.00
150.00,2600091.34,38.00,0.00,0.00,15600548.06,114.00,7500.00,3750.00
151.00,2964104.13,38.34,0.00,0.00,14820520.66,115.03,7800.00,3900.00
152.00,3171591.42,38.69,0.00,0.00,15857957.11,116.06,4050.00,8100.00
153.00,3393602.82,39.04,0.00,0.00,16968014.11,117.11,4200.00,8400.00
154.00,3631155.02,39.39,0.00,0.00,18155775.09,118.16,4350.00,8700.00
155.00,3885335.87,39.74,0.00,0.00,19426679.35,119.22,4500.00,9000.00
156.00,4157309.38,40.10,0.00,0.00,20786546.90,120.30,4650.00,9300.00
157.00,4448321.04,40.46,0.00,0.00,22241605.19,121.38,4800.00,9600.00
158.00,4759703.51,40.82,0.00,0.00,23798517.55,122.47,4950.00,9900.00
159.00,5092882.76,41.19,0.00,0.00,25464413.78,123.57,5100.00,10200.00
160.00,5449384.55,41.56,0.00,0.00,27246922.74,124.69,5250.00,10500.00
161.00,5830841.47,41.94,0.00,0.00,29154207.33,125.81,5400.00,10800.00
162.00,6239000.37,42.31,0.00,0.00,31195001.85,126.94,5550.00,11100.00
163.00,6675730.40,42.69,0.00,0.00,33378651.98,128.08,5700.00,11400.00
164.00,7143031.52,43.08,0.00,0.00,35715157.62,129.24,5850.00,11700.00
165.00,7643043.73,43.47,0.00,0.00,38215218.65,130.40,6000.00,12000.00
166.00,8178056.79,43.86,0.00,0.00,40890283.95,131.57,6150.00,12300.00
167.00,8750520.77,44.25,0.00,0.00,43752603.83,132.76,6300.00,12600.00
168.00,9363057.22,44.65,0.00,0.00,46815286.10,133.95,6450.00,12900.00
169.00,10018471.23,45.05,0.00,0.00,50092356.13,135.16,6600.00,13200.00
170.00,10719764.21,45.46,0.00,0.00,53598821.06,136.37,6750.00,13500.00
171.00,11470147.71,45.87,0.00,0.00,57350738.53,137.60,6900.00,13800.00
172.00,12273058.05,46.28,0.00,0.00,61365290.23,138.84,7050.00,14100.00
173.00,13132172.11,46.70,0.00,0.00,65660860.54,140.09,7200.00,14400.00
174.00,14051424.16,47.12,0.00,0.00,70257120.78,141.35,7350.00,14700.00
175.00,15035023.85,47.54,0.00,0.00,112762678.85,142.62,7500.00,15000.00
176.00,16087475.52,47.97,0.00,0.00,80437377.58,143.90,7650.00,15300.00
177.00,17213598.80,48.40,0.00,0.00,86067994.01,145.20,15600.00,15600.00
178.00,18418550.72,48.84,0.00,0.00,92092753.59,146.51,15900.00,15900.00
179.00,19707849.27,49.28,0.00,0.00,98539246.34,147.83,16200.00,16200.00
180.00,21087398.72,49.72,0.00,0.00,105436993.59,149.16,16500.00,16500.00
181.00,24039634.54,50.17,0.00,0.00,120198172.69,150.50,16800.00,16800.00
182.00,25722408.96,50.62,0.00,0.00,128612044.78,151.85,17100.00,17100.00
183.00,27522977.58,51.07,0.00,0.00,137614887.91,153.22,17400.00,17400.00
184.00,29449586.01,51.53,0.00,0.00,147247930.07,154.60,17700.00,17700.00
185.00,31511057.03,52.00,0.00,0.00,157555285.17,155.99,18000.00,18000.00
186.00,33716831.03,52.46,0.00,0.00,168584155.14,157.39,18300.00,18300.00
187.00,36077009.20,52.94,0.00,0.00,180385045.99,158.81,18600.00,18600.00
188.00,38602399.84,53.41,0.00,0.00,193011999.21,160.24,18900.00,18900.00
189.00,41304567.83,53.89,0.00,0.00,206522839.16,161.68,19200.00,19200.00
190.00,44195887.58,54.38,0.00,0.00,220979437.90,163.14,19500.00,19500.00
191.00,50383311.84,54.87,0.00,0.00,251916559.21,164.60,19800.00,19800.00
192.00,53910143.67,55.36,0.00,0.00,269550718.35,166.09,20100.00,20100.00
193.00,57683853.73,55.86,0.00,0.00,288419268.64,167.58,20400.00,20400.00
194.00,61721723.49,56.36,0.00,0.00,308608617.44,169.09,20700.00,20700.00
195.00,66042244.13,56.87,0.00,0.00,330211220.66,170.61,21000.00,21000.00
196.00,70665201.22,57.38,0.00,0.00,353326006.11,172.15,21300.00,21300.00
197.00,75611765.31,57.90,0.00,0.00,378058826.53,173.70,21600.00,21600.00
198.00,80904588.88,58.42,0.00,0.00,404522944.39,175.26,21900.00,21900.00
199.00,86567910.10,58.95,0.00,0.00,432839550.50,176.84,22200.00,22200.00
200.00,92627663.81,59.48,0.00,0.00,694707478.55,178.43,22500.00,22500.00
201.00,109300643.29,60.01,0.00,0.00,546503216.46,180.03,22500.00,22500.00
202.00,116951688.32,60.55,0.00,0.00,584758441.61,181.65,22500.00,22500.00
203.00,125138306.51,61.10,0.00,0.00,625691532.53,183.29,22500.00,22500.00
204.00,133897987.96,61.65,0.00,0.00,669489939.80,184.94,22500.00,22500.00
205.00,143270847.12,62.20,0.00,0.00,716354235.59,186.60,22500.00,22500.00
206.00,153299806.42,62.76,0.00,0.00,766499032.08,188.28,22500.00,22500.00
207.00,164030792.86,63.33,0.00,0.00,820153964.32,189.98,22500.00,22500.00
208.00,175512948.37,63.90,0.00,0.00,877564741.83,191.69,22500.00,22500.00
209.00,187798854.75,64.47,0.00,0.00,938994273.76,193.41,22500.00,22500.00
210.00,200944774.58,65.05,0.00,0.00,1004723872.92,195.15,22500.00,22500.00
211.00,215010908.80,65.64,0.00,0.00,1075054544.02,196.91,22500.00,22500.00
212.00,230061672.42,66.23,0.00,0.00,1150308362.10,198.68,22500.00,22500.00
213.00,246165989.49,66.82,0.00,0.00,1230829947.45,200.47,22500.00,22500.00
214.00,263397608.75,67.42,0.00,0.00,1316988043.77,202.27,22500.00,22500.00
215.00,281835441.37,68.03,0.00,0.00,1409177206.84,204.09,22500.00,22500.00
216.00,301563922.26,68.64,0.00,0.00,1507819611.32,205.93,22500.00,22500.00
217.00,322673396.82,69.26,0.00,0.00,1613366984.11,207.78,22500.00,22500.00
218.00,345260534.60,69.88,0.00,0.00,1726302673.00,209.65,22500.00,22500.00
219.00,369428772.02,70.51,0.00,0.00,1847143860.11,211.54,22500.00,22500.00
220.00,395288786.06,71.15,0.00,0.00,1976443930.31,213.45,22500.00,22500.00
221.00,422959001.09,71.79,0.00,0.00,2114795005.43,215.37,22500.00,22500.00
222.00,452566131.16,72.43,0.00,0.00,2262830655.82,217.30,22500.00,22500.00
223.00,484245760.34,73.09,0.00,0.00,2421228801.72,219.26,22500.00,22500.00
224.00,518142963.57,73.74,0.00,0.00,2590714817.84,221.23,22500.00,22500.00
225.00,554412971.02,74.41,0.00,0.00,3326477826.11,223.22,22500.00,22500.00
226.00,593221878.99,75.08,0.00,0.00,2966109394.95,225.23,22800.00,22650.00
227.00,634747410.52,75.75,0.00,0.00,3173737052.59,227.26,23100.00,22800.00
228.00,679179729.26,76.44,0.00,0.00,3395898646.28,229.31,23400.00,22950.00
229.00,726722310.30,77.12,0.00,0.00,3633611551.52,231.37,23700.00,23100.00
230.00,777592872.02,77.82,0.00,0.00,3887964360.12,233.45,24000.00,23250.00
231.00,832024373.07,78.52,0.00,0.00,4160121865.33,235.55,24300.00,23400.00
232.00,890266079.18,79.22,0.00,0.00,4451330395.90,237.67,24600.00,23550.00
233.00,952584704.72,79.94,0.00,0.00,4762923523.62,239.81,24900.00,23700.00
234.00,1019265634.05,80.66,0.00,0.00,5096328170.27,241.97,25200.00,23850.00
235.00,1090614228.44,81.38,0.00,0.00,5453071142.19,244.15,25500.00,24000.00
236.00,1166957224.43,82.12,0.00,0.00,5834786122.14,246.35,25800.00,24150.00
237.00,1248644230.14,82.85,0.00,0.00,6243221150.69,248.56,26100.00,24300.00
238.00,1336049326.25,83.60,0.00,0.00,6680246631.24,250.80,26400.00,24450.00
239.00,1429572779.09,84.35,0.00,0.00,7147863895.43,253.06,26700.00,24600.00
240.00,1529642873.62,85.11,0.00,0.00,7648214368.11,255.33,27000.00,24750.00
241.00,1636717874.77,85.88,0.00,0.00,8183589373.87,257.63,27300.00,24900.00
242.00,1751288126.01,86.65,0.00,0.00,8756440630.05,259.95,27600.00,25050.00
243.00,1873878294.83,87.43,0.00,0.00,9369391474.15,262.29,27900.00,25200.00
244.00,2005049775.47,88.22,0.00,0.00,10025248877.34,264.65,28200.00,25350.00
245.00,2145403259.75,89.01,0.00,0.00,10727016298.75,267.03,28500.00,25500.00
246.00,2295581487.93,89.81,0.00,0.00,11477907439.67,269.44,28800.00,25650.00
247.00,2456272192.09,90.62,0.00,0.00,12281360960.44,271.86,29100.00,25800.00
248.00,2628211245.53,91.44,0.00,0.00,13141056227.67,274.31,29400.00,25950.00
249.00,2812186032.72,92.26,0.00,0.00,14060930163.61,276.78,29700.00,26100.00
250.00,3009039055.01,93.09,0.00,0.00,18054234330.08,279.27,30000.00,26250.00
251.00,3430304522.71,93.93,0.00,0.00,17151522613.57,281.78,30300.00,26400.00
252.00,3670425839.30,94.77,0.00,0.00,18352129196.52,284.32,26550.00,30600.00
253.00,3927355648.06,95.63,0.00,0.00,19636778240.28,286.88,26700.00,30900.00
254.00,4202270543.42,96.49,0.00,0.00,21011352717.10,289.46,26850.00,31200.00
255.00,4496429481.46,97.35,0.00,0.00,22482147407.30,292.06,27000.00,31500.00
256.00,4811179545.16,98.23,0.00,0.00,24055897725.81,294.69,27150.00,31800.00
257.00,5147962113.32,99.11,0.00,0.00,25739810566.61,297.34,27300.00,32100.00
258.00,5508319461.26,100.01,0.00,0.00,27541597306.28,300.02,27450.00,32400.00
259.00,5893901823.54,100.91,0.00,0.00,29469509117.71,302.72,27600.00,32700.00
260.00,6306474951.19,101.82,0.00,0.00,31532374755.95,305.45,27750.00,33000.00
261.00,6747928197.77,102.73,0.00,0.00,33739640988.87,308.19,27900.00,33300.00
262.00,7220283171.62,103.66,0.00,0.00,36101415858.09,310.97,28050.00,33600.00
263.00,7725702993.63,104.59,0.00,0.00,38628514968.16,313.77,28200.00,33900.00
264.00,8266502203.19,105.53,0.00,0.00,41332511015.93,316.59,28350.00,34200.00
265.00,8845157357.41,106.48,0.00,0.00,44225786787.05,319.44,28500.00,34500.00
266.00,9464318372.43,107.44,0.00,0.00,47321591862.14,322.31,28650.00,34800.00
267.00,10126820658.50,108.41,0.00,0.00,50634103292.49,325.22,28800.00,35100.00
268.00,10835698104.59,109.38,0.00,0.00,54178490522.96,328.14,28950.00,35400.00
269.00,11594196971.91,110.37,0.00,0.00,57970984859.57,331.10,29100.00,35700.00
270.00,12405790759.95,111.36,0.00,0.00,62028953799.74,334.08,29250.00,36000.00
271.00,13274196113.14,112.36,0.00,0.00,66370980565.72,337.08,29400.00,36300.00
272.00,14203389841.06,113.37,0.00,0.00,71016949205.32,340.12,29550.00,36600.00
273.00,15197627129.94,114.39,0.00,0.00,75988135649.69,343.18,29700.00,36900.00
274.00,16261461029.03,115.42,0.00,0.00,81307305145.17,346.27,29850.00,37200.00
275.00,17399763301.07,116.46,0.00,0.00,130498224758.00,349.38,30000.00,37500.00
276.00,18617746732.14,117.51,0.00,0.00,93088733660.71,352.53,30150.00,37800.00
277.00,19920989003.39,118.57,0.00,0.00,99604945016.96,355.70,38100.00,38100.00
278.00,21315458233.63,119.63,0.00,0.00,106577291168.15,358.90,38400.00,38400.00
279.00,22807540309.98,120.71,0.00,0.00,114037701549.92,362.13,38700.00,38700.00
280.00,24404068131.68,121.80,0.00,0.00,122020340658.41,365.39,39000.00,39000.00
281.00,27820637670.12,122.89,0.00,0.00,139103188350.59,368.68,39300.00,39300.00
282.00,29768082307.03,124.00,0.00,0.00,148840411535.13,372.00,39600.00,39600.00
283.00,31851848068.52,125.11,0.00,0.00,159259240342.59,375.34,39900.00,39900.00
284.00,34081477433.31,126.24,0.00,0.00,170407387166.57,378.72,40200.00,40200.00
285.00,36467180853.65,127.38,0.00,0.00,182335904268.23,382.13,40500.00,40500.00
286.00,39019883513.40,128.52,0.00,0.00,195099417567.01,385.57,40800.00,40800.00
287.00,41751275359.34,129.68,0.00,0.00,208756376796.70,389.04,41100.00,41100.00
288.00,44673864634.49,130.85,0.00,0.00,223369323172.46,392.54,41400.00,41400.00
289.00,47801035158.91,132.02,0.00,0.00,239005175794.54,396.07,41700.00,41700.00
290.00,51147107620.03,133.21,0.00,0.00,255735538100.15,399.64,42000.00,42000.00
291.00,58307702686.84,134.41,0.00,0.00,291538513434.18,403.24,42300.00,42300.00
292.00,62389241874.91,135.62,0.00,0.00,311946209374.57,406.87,42600.00,42600.00
293.00,66756488806.16,136.84,0.00,0.00,333782444030.79,410.53,42900.00,42900.00
294.00,71429443022.59,138.07,0.00,0.00,357147215112.94,414.22,43200.00,43200.00
295.00,76429504034.17,139.32,0.00,0.00,382147520170.85,417.95,43500.00,43500.00
296.00,81779569316.56,140.57,0.00,0.00,408897846582.81,421.71,43800.00,43800.00
297.00,87504139168.72,141.84,0.00,0.00,437520695843.61,425.51,44100.00,44100.00
298.00,93629428910.53,143.11,0.00,0.00,468147144552.66,429.34,44400.00,44400.00
299.00,100183488934.27,144.40,0.00,0.00,500917444671.34,433.20,44700.00,44700.00
300.00,107196333159.67,145.70,0.00,0.00,803972498697.51,437.10,45000.00,45000.00
301.00,126491673128.41,147.01,0.00,0.00,632458365642.04,441.03,45000.00,45000.00
302.00,135346090247.40,148.33,0.00,0.00,676730451236.98,445.00,45000.00,45000.00
303.00,144820316564.71,149.67,0.00,0.00,724101582823.57,449.01,45000.00,45000.00
304.00,154957738724.24,151.02,0.00,0.00,774788693621.22,453.05,45000.00,45000.00
305.00,165804780434.94,152.38,0.00,0.00,829023902174.70,457.13,45000.00,45000.00
306.00,177411115065.39,153.75,0.00,0.00,887055575326.93,461.24,45000.00,45000.00
307.00,189829893119.96,155.13,0.00,0.00,949149465599.82,465.39,45000.00,45000.00
308.00,203117985638.36,156.53,0.00,0.00,1015589928191.81,469.58,45000.00,45000.00
309.00,217336244633.05,157.94,0.00,0.00,1086681223165.23,473.81,45000.00,45000.00
310.00,232549781757.36,159.36,0.00,0.00,1162748908786.80,478.07,45000.00,45000.00
311.00,248828266480.38,160.79,0.00,0.00,1244141332401.88,482.37,45000.00,45000.00
312.00,266246245134.00,162.24,0.00,0.00,1331231225670.01,486.71,45000.00,45000.00
313.00,284883482293.38,163.70,0.00,0.00,1424417411466.91,491.09,45000.00,45000.00
314.00,304825326053.92,165.17,0.00,0.00,1524126630269.59,495.51,45000.00,45000.00
315.00,326163098877.69,166.66,0.00,0.00,1630815494388.46,499.97,45000.00,45000.00
316.00,348994515799.13,168.16,0.00,0.00,1744972578995.65,504.47,45000.00,45000.00
317.00,373424131905.07,169.67,0.00,0.00,1867120659525.35,509.01,45000.00,45000.00
318.00,399563821138.43,171.20,0.00,0.00,1997819105692.13,513.60,45000.00,45000.00
319.00,427533288618.12,172.74,0.00,0.00,2137666443090.57,518.22,45000.00,45000.00
320.00,457460618821.38,174.29,0.00,0.00,2287303094106.91,522.88,45000.00,45000.00
321.00,489482862138.88,175.86,0.00,0.00,2447414310694.40,527.59,45000.00,45000.00
322.00,523746662488.60,177.45,0.00,0.00,2618733312443.01,532.34,45000.00,45000.00
323.00,560408928862.80,179.04,0.00,0.00,2802044644314.02,537.13,45000.00,45000.00
324.00,599637553883.20,180.65,0.00,0.00,2998187769416.00,541.96,45000.00,45000.00
325.00,641612182655.02,182.28,0.00,0.00,3849673095930.14,546.84,45000.00,45000.00
326.00,686525035440.88,183.92,0.00,0.00,3432625177204.38,551.76,45300.00,45150.00
327.00,734581787921.74,185.58,0.00,0.00,3672908939608.68,556.73,45600.00,45300.00
328.00,786002513076.26,187.25,0.00,0.00,3930012565381.29,561.74,45900.00,45450.00
329.00,841022688991.60,188.93,0.00,0.00,4205113444957.98,566.79,46200.00,45600.00
330.00,899894277221.01,190.63,0.00,0.00,4499471386105.04,571.89,46500.00,45750.00
331.00,962886876626.48,192.35,0.00,0.00,4814434383132.39,577.04,46800.00,45900.00
332.00,1030288957990.33,194.08,0.00,0.00,5151444789951.66,582.23,47100.00,46050.00
333.00,1102409185049.66,195.82,0.00,0.00,5512045925248.28,587.47,47400.00,46200.00
334.00,1179577828003.13,197.59,0.00,0.00,5897889140015.66,592.76,47700.00,46350.00
335.00,1262148275963.35,199.37,0.00,0.00,6310741379816.75,598.10,48000.00,46500.00
336.00,1350498655280.79,201.16,0.00,0.00,6752493276403.93,603.48,48300.00,46650.00
337.00,1445033561150.44,202.97,0.00,0.00,7225167805752.20,608.91,48600.00,46800.00
338.00,1546185910430.97,204.80,0.00,0.00,7730929552154.86,614.39,48900.00,46950.00
339.00,1654418924161.14,206.64,0.00,0.00,8272094620805.70,619.92,49200.00,47100.00
340.00,1770228248852.42,208.50,0.00,0.00,8851141244262.10,625.50,49500.00,47250.00
341.00,1894144226272.09,210.38,0.00,0.00,9470721131360.45,631.13,49800.00,47400.00
342.00,2026734322111.14,212.27,0.00,0.00,10133671610555.70,636.81,50100.00,47550.00
343.00,2168605724658.91,214.18,0.00,0.00,10843028623294.60,642.54,50400.00,47700.00
344.00,2320408125385.04,216.11,0.00,0.00,11602040626925.20,648.32,50700.00,47850.00
345.00,2482836694161.99,218.05,0.00,0.00,12414183470810.00,654.16,51000.00,48000.00
346.00,2656635262753.33,220.02,0.00,0.00,13283176313766.70,660.05,51300.00,48150.00
347.00,2842599731146.06,222.00,0.00,0.00,14212998655730.30,665.99,51600.00,48300.00
348.00,3041581712326.29,223.99,0.00,0.00,15207908561631.40,671.98,51900.00,48450.00
349.00,3254492432189.13,226.01,0.00,0.00,16272462160945.60,678.03,52200.00,48600.00
350.00,3482306902442.37,228.04,0.00,0.00,20893841414654.20,684.13,52500.00,48750.00
351.00,3969829868784.30,230.10,0.00,0.00,19849149343921.50,690.29,52800.00,48900.00
352.00,4247717959599.20,232.17,0.00,0.00,21238589797996.00,696.50,49050.00,53100.00
353.00,4545058216771.15,234.26,0.00,0.00,22725291083855.70,702.77,49200.00,53400.00
354.00,4863212291945.13,236.36,0.00,0.00,24316061459725.60,709.09,49350.00,53700.00
355.00,5203637152381.29,238.49,0.00,0.00,26018185761906.40,715.47,49500.00,54000.00
356.00,5567891753047.98,240.64,0.00,0.00,27839458765239.90,721.91,49650.00,54300.00
357.00,5957644175761.33,242.80,0.00,0.00,29788220878806.70,728.41,49800.00,54600.00
358.00,6374679268064.63,244.99,0.00,0.00,31873396340323.10,734.97,49950.00,54900.00
359.00,6820906816829.15,247.19,0.00,0.00,34104534084145.80,741.58,50100.00,55200.00
360.00,7298370294007.19,249.42,0.00,0.00,36491851470036.00,748.26,50250.00,55500.00
361.00,7809256214587.70,251.66,0.00,0.00,39046281072938.50,754.99,50400.00,55800.00
362.00,8355904149608.84,253.93,0.00,0.00,41779520748044.20,761.78,50550.00,56100.00
363.00,8940817440081.46,256.21,0.00,0.00,44704087200407.30,768.64,50700.00,56400.00
364.00,9566674660887.16,258.52,0.00,0.00,47833373304435.80,775.56,50850.00,56700.00
365.00,10236341887149.30,260.85,0.00,0.00,51181709435746.30,782.54,51000.00,57000.00
366.00,10952885819249.70,263.19,0.00,0.00,54764429096248.60,789.58,51150.00,57300.00
367.00,11719587826597.20,265.56,0.00,0.00,58597939132986.00,796.69,51300.00,57600.00
368.00,12539958974459.00,267.95,0.00,0.00,62699794872295.00,803.86,51450.00,57900.00
369.00,13417756102671.10,270.36,0.00,0.00,67088780513355.60,811.09,51600.00,58200.00
370.00,14356999029858.10,272.80,0.00,0.00,71784995149290.50,818.39,51750.00,58500.00
371.00,15361988961948.20,275.25,0.00,0.00,76809944809740.90,825.76,51900.00,58800.00
372.00,16437328189284.50,277.73,0.00,0.00,82186640946422.70,833.19,52050.00,59100.00
373.00,17587941162534.50,280.23,0.00,0.00,87939705812672.30,840.69,52200.00,59400.00
374.00,18819097043911.90,282.75,0.00,0.00,94095485219559.40,848.25,52350.00,59700.00
375.00,20136433836985.70,285.30,0.00,0.00,151023253777393.00,855.89,52500.00,60000.00
376.00,21545984205574.70,287.86,0.00,0.00,107729921027874.00,863.59,52650.00,60300.00
377.00,23054203099964.90,290.45,0.00,0.00,115271015499825.00,871.36,60600.00,60600.00
378.00,24667997316962.50,293.07,0.00,0.00,123339986584812.00,879.21,60900.00,60900.00
379.00,26394757129149.90,295.71,0.00,0.00,131973785645749.00,887.12,61200.00,61200.00
380.00,28242390128190.40,298.37,0.00,0.00,141211950640952.00,895.10,61500.00,61500.00
381.00,32196324746137.00,301.05,0.00,0.00,160981623730685.00,903.16,61800.00,61800.00
382.00,34450067478366.60,303.76,0.00,0.00,172250337391833.00,911.29,62100.00,62100.00
383.00,36861572201852.30,306.50,0.00,0.00,184307861009261.00,919.49,62400.00,62400.00
384.00,39441882255981.90,309.25,0.00,0.00,197209411279910.00,927.76,62700.00,62700.00
385.00,42202814013900.70,312.04,0.00,0.00,211014070069503.00,936.11,63000.00,63000.00
386.00,45157010994873.70,314.85,0.00,0.00,225785054974369.00,944.54,63300.00,63300.00
387.00,48318001764514.90,317.68,0.00,0.00,241590008822574.00,953.04,63600.00,63600.00
388.00,51700261888030.90,320.54,0.00,0.00,258501309440155.00,961.62,63900.00,63900.00
389.00,55319280220193.10,323.42,0.00,0.00,276596401100965.00,970.27,64200.00,64200.00
390.00,59191629835606.60,326.34,0.00,0.00,295958149178033.00,979.01,64500.00,64500.00
391.00,67478458012591.50,329.27,0.00,0.00,337392290062958.00,987.82,64800.00,64800.00
392.00,72201950073472.90,332.24,0.00,0.00,361009750367365.00,996.71,65100.00,65100.00
393.00,77256086578616.00,335.23,0.00,0.00,386280432893080.00,1005.68,65400.00,65400.00
394.00,82664012639119.20,338.24,0.00,0.00,413320063195596.00,1014.73,65700.00,65700.00
395.00,88450493523857.50,341.29,0.00,0.00,442252467619288.00,1023.86,66000.00,66000.00
396.00,94642028070527.50,344.36,0.00,0.00,473210140352638.00,1033.08,66300.00,66300.00
397.00,101266970035464.00,347.46,0.00,0.00,506334850177322.00,1042.37,66600.00,66600.00
398.00,108355657937947.00,350.58,0.00,0.00,541778289689735.00,1051.75,66900.00,66900.00
399.00,115940553993603.00,353.74,0.00,0.00,579702769968016.00,1061.22,67200.00,67200.00
400.00,124056392773156.00,356.92,0.00,0.00,930422945798666.00,1070.77,67500.00,67500.00
401.00,132740340267276.00,360.14,0.00,0.00,663701701336382.00,1080.41,67500.00,67500.00
402.00,142032164085986.00,363.38,0.00,0.00,710160820429929.00,1090.13,67500.00,67500.00
403.00,151974415572005.00,366.65,0.00,0.00,759872077860024.00,1099.94,67500.00,67500.00
404.00,162612624662045.00,369.95,0.00,0.00,813063123310226.00,1109.84,67500.00,67500.00
405.00,173995508388388.00,373.28,0.00,0.00,869977541941941.00,1119.83,67500.00,67500.00
406.00,186175193975575.00,376.64,0.00,0.00,930875969877877.00,1129.91,67500.00,67500.00
407.00,199207457553866.00,380.03,0.00,0.00,996037287769329.00,1140.08,67500.00,67500.00
408.00,213151979582636.00,383.45,0.00,0.00,1065759897913180.00,1150.34,67500.00,67500.00
409.00,228072618153421.00,386.90,0.00,0.00,1140363090767100.00,1160.69,67500.00,67500.00
410.00,244037701424160.00,390.38,0.00,0.00,1220188507120800.00,1171.14,67500.00,67500.00
411.00,261120340523852.00,393.89,0.00,0.00,1305601702619260.00,1181.68,67500.00,67500.00
412.00,279398764360521.00,397.44,0.00,0.00,1396993821802610.00,1192.31,67500.00,67500.00
413.00,298956677865758.00,401.01,0.00,0.00,1494783389328790.00,1203.04,67500.00,67500.00
414.00,319883645316361.00,404.62,0.00,0.00,1599418226581800.00,1213.87,67500.00,67500.00
415.00,342275500488506.00,408.27,0.00,0.00,1711377502442530.00,1224.80,67500.00,67500.00
416.00,366234785522702.00,411.94,0.00,0.00,1831173927613510.00,1235.82,67500.00,67500.00
417.00,391871220509291.00,415.65,0.00,0.00,1959356102546450.00,1246.94,67500.00,67500.00
418.00,419302205944941.00,419.39,0.00,0.00,2096511029724710.00,1258.16,67500.00,67500.00
419.00,448653360361087.00,423.16,0.00,0.00,2243266801805430.00,1269.49,67500.00,67500.00
420.00,480059095586363.00,426.97,0.00,0.00,2400295477931820.00,1280.91,67500.00,67500.00
421.00,513663232277408.00,430.81,0.00,0.00,2568316161387040.00,1292.44,67500.00,67500.00
422.00,549619658536827.00,434.69,0.00,0.00,2748098292684140.00,1304.07,67500.00,67500.00
423.00,588093034634405.00,438.60,0.00,0.00,2940465173172030.00,1315.81,67500.00,67500.00
424.00,629259547058813.00,442.55,0.00,0.00,3146297735294070.00,1327.65,67500.00,67500.00
425.00,673307715352930.00,446.53,0.00,0.00,4039846292117580.00,1339.60,67500.00,67500.00
426.00,720439255427636.00,450.55,0.00,0.00,3602196277138180.00,1351.66,67800.00,67650.00
427.00,770870003307570.00,454.61,0.00,0.00,3854350016537850.00,1363.82,68100.00,67800.00
428.00,824830903539100.00,458.70,0.00,0.00,4124154517695500.00,1376.10,68400.00,67950.00
429.00,882569066786837.00,462.83,0.00,0.00,4412845333934190.00,1388.48,68700.00,68100.00
430.00,944348901461916.00,466.99,0.00,0.00,4721744507309580.00,1400.98,69000.00,68250.00
431.00,1010453324564250.00,471.20,0.00,0.00,5052266622821250.00,1413.59,69300.00,68400.00
432.00,1081185057283750.00,475.44,0.00,0.00,5405925286418740.00,1426.31,69600.00,68550.00
433.00,1156868011293610.00,479.72,0.00,0.00,5784340056468050.00,1439.15,69900.00,68700.00
434.00,1237848772084160.00,484.03,0.00,0.00,6189243860420810.00,1452.10,70200.00,68850.00
435.00,1324498186130050.00,488.39,0.00,0.00,6622490930650270.00,1465.17,70500.00,69000.00
436.00,1417213059159160.00,492.78,0.00,0.00,7086065295795790.00,1478.35,70800.00,69150.00
437.00,1516417973300300.00,497.22,0.00,0.00,7582089866501490.00,1491.66,71100.00,69300.00
438.00,1622567231431320.00,501.69,0.00,0.00,8112836157156600.00,1505.08,71400.00,69450.00
439.00,1736146937631510.00,506.21,0.00,0.00,8680734688157560.00,1518.63,71700.00,69600.00
440.00,1857677223265720.00,510.77,0.00,0.00,9288386116328590.00,1532.30,72000.00,69750.00
441.00,1987714628894320.00,515.36,0.00,0.00,9938573144471590.00,1546.09,72300.00,69900.00
442.00,2126854652916920.00,520.00,0.00,0.00,10634273264584600.00,1560.00,72600.00,70050.00
443.00,2275734478621110.00,524.68,0.00,0.00,11378672393105500.00,1574.04,72900.00,70200.00
444.00,2435035892124580.00,529.40,0.00,0.00,12175179460622900.00,1588.21,73200.00,70350.00
445.00,2605488404573300.00,534.17,0.00,0.00,13027442022866500.00,1602.50,73500.00,70500.00
446.00,2787872592893440.00,538.98,0.00,0.00,13939362964467200.00,1616.93,73800.00,70650.00
447.00,2983023674395980.00,543.83,0.00,0.00,14915118371979900.00,1631.48,74100.00,70800.00
448.00,3191835331603690.00,548.72,0.00,0.00,15959176658018500.00,1646.16,74400.00,70950.00
449.00,3415263804815950.00,553.66,0.00,0.00,17076319024079800.00,1660.98,74700.00,71100.00
450.00,3654332271153070.00,558.64,0.00,0.00,21925993626918400.00,1675.93,75000.00,71250.00
451.00,4165938789114500.00,563.67,0.00,0.00,20829693945572500.00,1691.01,75300.00,71400.00
452.00,4457554504352520.00,568.74,0.00,0.00,22287772521762600.00,1706.23,71550.00,75600.00
453.00,4769583319657190.00,573.86,0.00,0.00,23847916598286000.00,1721.58,71700.00,75900.00
454.00,5103454152033200.00,579.03,0.00,0.00,25517270760166000.00,1737.08,71850.00,76200.00
455.00,5460695942675520.00,584.24,0.00,0.00,27303479713377600.00,1752.71,72000.00,76500.00
456.00,5842944658662810.00,589.50,0.00,0.00,29214723293314000.00,1768.49,72150.00,76800.00
457.00,6251950784769200.00,594.80,0.00,0.00,31259753923846000.00,1784.40,72300.00,77100.00
458.00,6689587339703050.00,600.15,0.00,0.00,33447936698515200.00,1800.46,72450.00,77400.00
459.00,7157858453482260.00,605.56,0.00,0.00,35789292267411300.00,1816.67,72600.00,77700.00
460.00,7658908545226020.00,611.01,0.00,0.00,38294542726130100.00,1833.02,72750.00,78000.00
461.00,8195032143391840.00,616.50,0.00,0.00,40975160716959200.00,1849.51,72900.00,78300.00
462.00,8768684393429270.00,622.05,0.00,0.00,43843421967146400.00,1866.16,73050.00,78600.00
463.00,9382492300969320.00,627.65,0.00,0.00,46912461504846600.00,1882.96,73200.00,78900.00
464.00,10039266762037200.00,633.30,0.00,0.00,50196333810185900.00,1899.90,73350.00,79200.00
465.00,10742015435379800.00,639.00,0.00,0.00,53710077176898900.00,1917.00,73500.00,79500.00
466.00,11493956515856400.00,644.75,0.00,0.00,57469782579281800.00,1934.25,73650.00,79800.00
467.00,12298533471966300.00,650.55,0.00,0.00,61492667359831600.00,1951.66,73800.00,80100.00
468.00,13159430815004000.00,656.41,0.00,0.00,65797154075019800.00,1969.23,73950.00,80400.00
469.00,14080590972054200.00,662.32,0.00,0.00,70402954860271200.00,1986.95,74100.00,80700.00
470.00,15066232340098000.00,668.28,0.00,0.00,75331161700490200.00,2004.83,74250.00,81000.00
471.00,16120868603904900.00,674.29,0.00,0.00,80604343019524500.00,2022.88,74400.00,81300.00
472.00,17249329406178200.00,680.36,0.00,0.00,86246647030891200.00,2041.08,74550.00,81600.00
473.00,18456782464610700.00,686.48,0.00,0.00,92283912323053600.00,2059.45,74700.00,81900.00
474.00,19748757237133500.00,692.66,0.00,0.00,98743786185667400.00,2077.99,74850.00,82200.00
475.00,21131170243732800.00,698.90,0.00,0.00,158483776827996000.00,2096.69,75000.00,82500.00
476.00,22610352160794100.00,705.19,0.00,0.00,113051760803971000.00,2115.56,75150.00,82800.00
477.00,24193076812049700.00,711.53,0.00,0.00,120965384060249000.00,2134.60,83100.00,83100.00
478.00,25886592188893200.00,717.94,0.00,0.00,129432960944466000.00,2153.81,83400.00,83400.00
479.00,27698653642115700.00,724.40,0.00,0.00,138493268210579000.00,2173.20,83700.00,83700.00
480.00,29637559397063800.00,730.92,0.00,0.00,148187796985319000.00,2192.75,84000.00,84000.00
481.00,33786817712652700.00,737.50,0.00,0.00,168934088563264000.00,2212.49,84300.00,84300.00
482.00,36151894952538400.00,744.13,0.00,0.00,180759474762692000.00,2232.40,84600.00,84600.00
483.00,38682527599216100.00,750.83,0.00,0.00,193412637996081000.00,2252.49,84900.00,84900.00
484.00,41390304531161200.00,757.59,0.00,0.00,206951522655806000.00,2272.77,85200.00,85200.00
485.00,44287625848342500.00,764.41,0.00,0.00,221438129241713000.00,2293.22,85500.00,85500.00
486.00,47387759657726500.00,771.29,0.00,0.00,236938798288633000.00,2313.86,85800.00,85800.00
487.00,50704902833767400.00,778.23,0.00,0.00,253524514168837000.00,2334.68,86100.00,86100.00
488.00,54254246032131100.00,785.23,0.00,0.00,271271230160655000.00,2355.70,86400.00,86400.00
489.00,58052043254380300.00,792.30,0.00,0.00,290260216271901000.00,2376.90,86700.00,86700.00
490.00,62115686282186900.00,799.43,0.00,0.00,310578431410934000.00,2398.29,87000.00,87000.00
491.00,70811882361693000.00,806.62,0.00,0.00,354059411808465000.00,2419.87,87300.00,87300.00
492.00,75768714127011600.00,813.88,0.00,0.00,378843570635058000.00,2441.65,87600.00,87600.00
493.00,81072524115902400.00,821.21,0.00,0.00,405362620579512000.00,2463.63,87900.00,87900.00
494.00,86747600804015500.00,828.60,0.00,0.00,433738004020078000.00,2485.80,88200.00,88200.00
495.00,92819932860296600.00,836.06,0.00,0.00,464099664301483000.00,2508.17,88500.00,88500.00
496.00,99317328160517400.00,843.58,0.00,0.00,496586640802587000.00,2530.75,88800.00,88800.00
497.00,106269541131754000.00,851.17,0.00,0.00,531347705658768000.00,2553.52,89100.00,89100.00
498.00,113708409010976000.00,858.83,0.00,0.00,568542045054882000.00,2576.50,89400.00,89400.00
499.00,121667997641745000.00,866.56,0.00,0.00,608339988208724000.00,2599.69,89700.00,89700.00
500.00,130184757476667000.00,874.36,0.00,0.00,976385681075002000.00,2623.09,90000.00,90000.00
501.00,139297690500034000.00,882.23,0.00,0.00,696488452500168000.00,2646.70,90000.00,90000.00
502.00,149048528835036000.00,890.17,0.00,0.00,745242644175180000.00,2670.52,90000.00,90000.00
503.00,159481925853488000.00,898.18,0.00,0.00,797409629267442000.00,2694.55,90000.00,90000.00
504.00,170645660663233000.00,906.27,0.00,0.00,853228303316163000.00,2718.80,90000.00,90000.00
505.00,182590856909659000.00,914.42,0.00,0.00,912954284548295000.00,2743.27,90000.00,90000.00
506.00,195372216893335000.00,922.65,0.00,0.00,976861084466675000.00,2767.96,90000.00,90000.00
507.00,209048272075869000.00,930.96,0.00,0.00,1045241360379340000.00,2792.87,90000.00,90000.00
508.00,223681651121179000.00,939.34,0.00,0.00,1118408255605900000.00,2818.01,90000.00,90000.00
509.00,239339366699662000.00,947.79,0.00,0.00,1196696833498310000.00,2843.37,90000.00,90000.00
510.00,256093122368638000.00,956.32,0.00,0.00,1280465611843190000.00,2868.96,90000.00,90000.00
511.00,274019640934443000.00,964.93,0.00,0.00,1370098204672210000.00,2894.78,90000.00,90000.00
512.00,293201015799854000.00,973.61,0.00,0.00,1466005078999270000.00,2920.84,90000.00,90000.00
513.00,313725086905844000.00,982.37,0.00,0.00,1568625434529220000.00,2947.12,90000.00,90000.00
514.00,335685842989253000.00,991.22,0.00,0.00,1678429214946260000.00,2973.65,90000.00,90000.00
515.00,359183851998501000.00,1000.14,0.00,0.00,1795919259992500000.00,3000.41,90000.00,90000.00
516.00,384326721638396000.00,1009.14,0.00,0.00,1921633608191980000.00,3027.41,90000.00,90000.00
517.00,411229592153083000.00,1018.22,0.00,0.00,2056147960765420000.00,3054.66,90000.00,90000.00
518.00,440015663603799000.00,1027.38,0.00,0.00,2200078318019000000.00,3082.15,90000.00,90000.00
519.00,470816760056065000.00,1036.63,0.00,0.00,2354083800280330000.00,3109.89,90000.00,90000.00
520.00,503773933259990000.00,1045.96,0.00,0.00,2518869666299950000.00,3137.88,90000.00,90000.00
521.00,539038108588189000.00,1055.37,0.00,0.00,2695190542940950000.00,3166.12,90000.00,90000.00
522.00,576770776189362000.00,1064.87,0.00,0.00,2883853880946810000.00,3194.62,90000.00,90000.00
523.00,617144730522618000.00,1074.46,0.00,0.00,3085723652613090000.00,3223.37,90000.00,90000.00
524.00,660344861659201000.00,1084.13,0.00,0.00,3301724308296010000.00,3252.38,90000.00,90000.00
525.00,706569001975345000.00,1093.88,0.00,0.00,4239414011852070000.00,3281.65,90000.00,90000.00
526.00,756028832113620000.00,1103.73,0.00,0.00,3780144160568100000.00,3311.19,90300.00,90150.00
527.00,808950850361573000.00,1113.66,0.00,0.00,4044754251807860000.00,3340.99,90600.00,90300.00
528.00,865577409886883000.00,1123.69,0.00,0.00,4327887049434420000.00,3371.06,90900.00,90450.00
529.00,926167828578965000.00,1133.80,0.00,0.00,4630839142894830000.00,3401.39,91200.00,90600.00
530.00,990999576579493000.00,1144.00,0.00,0.00,4954997882897460000.00,3432.01,91500.00,90750.00
531.00,1060369546940060000.00,1154.30,0.00,0.00,5301847734700290000.00,3462.90,91800.00,90900.00
532.00,1134595415225860000.00,1164.69,0.00,0.00,5672977076129310000.00,3494.06,92100.00,91050.00
533.00,1214017094291670000.00,1175.17,0.00,0.00,6070085471458360000.00,3525.51,92400.00,91200.00
534.00,1298998290892090000.00,1185.75,0.00,0.00,6494991454460440000.00,3557.24,92700.00,91350.00
535.00,1389928171254530000.00,1196.42,0.00,0.00,6949640856272680000.00,3589.25,93000.00,91500.00
536.00,1487223143242350000.00,1207.19,0.00,0.00,7436115716211760000.00,3621.56,93300.00,91650.00
537.00,1591328763269320000.00,1218.05,0.00,0.00,7956643816346590000.00,3654.15,93600.00,91800.00
538.00,1702721776698170000.00,1229.01,0.00,0.00,8513608883490850000.00,3687.04,93900.00,91950.00
539.00,1821912301067040000.00,1240.07,0.00,0.00,9109561505335210000.00,3720.22,94200.00,92100.00
540.00,1949446162141730000.00,1251.23,0.00,0.00,9747230810708670000.00,3753.70,94500.00,92250.00
541.00,2085907393491660000.00,1262.50,0.00,0.00,10429536967458300000.00,3787.49,94800.00,92400.00
542.00,2231920911036070000.00,1273.86,0.00,0.00,11159604555180400000.00,3821.57,95100.00,92550.00
543.00,2388155374808600000.00,1285.32,0.00,0.00,11940776874043000000.00,3855.97,95400.00,92700.00
544.00,2555326251045200000.00,1296.89,0.00,0.00,12776631255226000000.00,3890.67,95700.00,92850.00
545.00,2734199088618360000.00,1308.56,0.00,0.00,13670995443091800000.00,3925.69,96000.00,93000.00
546.00,2925593024821650000.00,1320.34,0.00,0.00,14627965124108200000.00,3961.02,96300.00,93150.00
547.00,3130384536559160000.00,1332.22,0.00,0.00,15651922682795800000.00,3996.67,96600.00,93300.00
548.00,3349511454118310000.00,1344.21,0.00,0.00,16747557270591500000.00,4032.64,96900.00,93450.00
549.00,3583977255906590000.00,1356.31,0.00,0.00,17919886279532900000.00,4068.93,97200.00,93600.00
550.00,3834855663820050000.00,1368.52,0.00,0.00,23009133982920300000.00,4105.55,97500.00,93750.00
551.00,4371735456754860000.00,1380.83,0.00,0.00,21858677283774300000.00,4142.50,97800.00,93900.00
552.00,4677756938727700000.00,1393.26,0.00,0.00,23388784693638500000.00,4179.78,94050.00,98100.00
553.00,5005199924438630000.00,1405.80,0.00,0.00,25025999622193200000.00,4217.40,94200.00,98400.00
554.00,5355563919149340000.00,1418.45,0.00,0.00,26777819595746700000.00,4255.36,94350.00,98700.00
555.00,5730453393489790000.00,1431.22,0.00,0.00,28652266967449000000.00,4293.66,94500.00,99000.00
556.00,6131585131034080000.00,1444.10,0.00,0.00,30657925655170400000.00,4332.30,94650.00,99300.00
557.00,6560796090206470000.00,1457.10,0.00,0.00,32803980451032300000.00,4371.29,94800.00,99600.00
558.00,7020051816520920000.00,1470.21,0.00,0.00,35100259082604600000.00,4410.63,94950.00,99900.00
559.00,7511455443677380000.00,1483.44,0.00,0.00,37557277218386900000.00,4450.33,95100.00,100200.00
560.00,8037257324734800000.00,1496.79,0.00,0.00,40186286623674000000.00,4490.38,95250.00,100500.00
561.00,8599865337466240000.00,1510.26,0.00,0.00,42999326687331200000.00,4530.79,95400.00,100800.00
562.00,9201855911088880000.00,1523.86,0.00,0.00,46009279555444400000.00,4571.57,95550.00,101100.00
563.00,9845985824865100000.00,1537.57,0.00,0.00,49229929124325500000.00,4612.72,95700.00,101400.00
564.00,10535204832605700000.00,1551.41,0.00,0.00,52676024163028300000.00,4654.23,95850.00,101700.00
565.00,11272669170888100000.00,1565.37,0.00,0.00,56363345854440300000.00,4696.12,96000.00,102000.00
566.00,12061756012850200000.00,1579.46,0.00,0.00,60308780064251100000.00,4738.38,96150.00,102300.00
567.00,12906078933749700000.00,1593.68,0.00,0.00,64530394668748700000.00,4781.03,96300.00,102600.00
568.00,13809504459112200000.00,1608.02,0.00,0.00,69047522295561100000.00,4824.06,96450.00,102900.00
569.00,14776169771250100000.00,1622.49,0.00,0.00,73880848856250300000.00,4867.47,96600.00,103200.00
570.00,15810501655237600000.00,1637.09,0.00,0.00,79052508276187900000.00,4911.28,96750.00,103500.00
571.00,16917236771104200000.00,1651.83,0.00,0.00,84586183855521000000.00,4955.48,96900.00,103800.00
572.00,18101443345081500000.00,1666.69,0.00,0.00,90507216725407500000.00,5000.08,97050.00,104100.00
573.00,19368544379237200000.00,1681.69,0.00,0.00,96842721896186000000.00,5045.08,97200.00,104400.00
574.00,20724342485783800000.00,1696.83,0.00,0.00,103621712428919000000.00,5090.49,97350.00,104700.00
575.00,22175046459788700000.00,1712.10,0.00,0.00,166312848448415000000.00,5136.30,97500.00,105000.00
576.00,23727299711973900000.00,1727.51,0.00,0.00,118636498559869000000.00,5182.53,97650.00,105300.00
577.00,25388210691812100000.00,1743.06,0.00,0.00,126941053459060000000.00,5229.17,105600.00,105600.00
578.00,27165385440238900000.00,1758.75,0.00,0.00,135826927201195000000.00,5276.24,105900.00,105900.00
579.00,29066962421055600000.00,1774.57,0.00,0.00,145334812105278000000.00,5323.72,106200.00,106200.00
580.00,31101649790529500000.00,1790.55,0.00,0.00,155508248952648000000.00,5371.64,106500.00,106500.00
581.00,35455880761203700000.00,1806.66,0.00,0.00,177279403806018000000.00,5419.98,106800.00,106800.00
582.00,37937792414487900000.00,1822.92,0.00,0.00,189688962072440000000.00,5468.76,107100.00,107100.00
583.00,40593437883502100000.00,1839.33,0.00,0.00,202967189417510000000.00,5517.98,107400.00,107400.00
584.00,43434978535347200000.00,1855.88,0.00,0.00,217174892676736000000.00,5567.64,107700.00,107700.00
585.00,46475427032821500000.00,1872.58,0.00,0.00,232377135164108000000.00,5617.75,108000.00,108000.00
586.00,49728706925119000000.00,1889.44,0.00,0.00,248643534625595000000.00,5668.31,108300.00,108300.00
587.00,53209716409877400000.00,1906.44,0.00,0.00,266048582049387000000.00,5719.32,108600.00,108600.00
588.00,56934396558568800000.00,1923.60,0.00,0.00,284671982792844000000.00,5770.80,108900.00,108900.00
589.00,60919804317668600000.00,1940.91,0.00,0.00,304599021588343000000.00,5822.73,109200.00,109200.00
590.00,65184190619905400000.00,1958.38,0.00,0.00,325920953099527000000.00,5875.14,109500.00,109500.00
591.00,74309977306692200000.00,1976.01,0.00,0.00,371549886533461000000.00,5928.02,109800.00,109800.00
592.00,79511675718160600000.00,1993.79,0.00,0.00,397558378590803000000.00,5981.37,110100.00,110100.00
593.00,85077493018431900000.00,2011.73,0.00,0.00,425387465092159000000.00,6035.20,110400.00,110400.00
594.00,91032917529722100000.00,2029.84,0.00,0.00,455164587648610000000.00,6089.52,110700.00,110700.00
595.00,97405221756802700000.00,2048.11,0.00,0.00,487026108784013000000.00,6144.32,111000.00,111000.00
596.00,104223587279779000000.00,2066.54,0.00,0.00,521117936398894000000.00,6199.62,111300.00,111300.00
597.00,111519238389363000000.00,2085.14,0.00,0.00,557596191946817000000.00,6255.42,111600.00,111600.00
598.00,119325585076619000000.00,2103.91,0.00,0.00,596627925383094000000.00,6311.72,111900.00,111900.00
599.00,127678376031982000000.00,2122.84,0.00,0.00,638391880159911000000.00,6368.52,112200.00,112200.00
600.00,136615862354221000000.00,2141.95,0.00,0.00,1024618967656660000000.00,6425.84,112500.00,112500.00
601.00,161206717577981000000.00,2161.22,0.00,0.00,806033587889903000000.00,6483.67,112500.00,112500.00
602.00,172491187808439000000.00,2180.67,0.00,0.00,862455939042197000000.00,6542.02,112500.00,112500.00
603.00,184565570955030000000.00,2200.30,0.00,0.00,922827854775150000000.00,6600.90,112500.00,112500.00
604.00,197485160921882000000.00,2220.10,0.00,0.00,987425804609411000000.00,6660.31,112500.00,112500.00
605.00,211309122186414000000.00,2240.08,0.00,0.00,1056545610932070000000.00,6720.25,112500.00,112500.00
606.00,226100760739463000000.00,2260.25,0.00,0.00,1130503803697320000000.00,6780.74,112500.00,112500.00
607.00,241927813991225000000.00,2280.59,0.00,0.00,1209639069956130000000.00,6841.76,112500.00,112500.00
608.00,258862760970611000000.00,2301.11,0.00,0.00,1294313804853060000000.00,6903.34,112500.00,112500.00
609.00,276983154238554000000.00,2321.82,0.00,0.00,1384915771192770000000.00,6965.47,112500.00,112500.00
610.00,296371975035253000000.00,2342.72,0.00,0.00,1481859875176260000000.00,7028.16,112500.00,112500.00
611.00,317118013287721000000.00,2363.80,0.00,0.00,1585590066438600000000.00,7091.41,112500.00,112500.00
612.00,339316274217861000000.00,2385.08,0.00,0.00,1696581371089300000000.00,7155.23,112500.00,112500.00
613.00,363068413413111000000.00,2406.54,0.00,0.00,1815342067065560000000.00,7219.63,112500.00,112500.00
614.00,388483202352029000000.00,2428.20,0.00,0.00,1942416011760150000000.00,7284.61,112500.00,112500.00
615.00,415677026516671000000.00,2450.06,0.00,0.00,2078385132583360000000.00,7350.17,112500.00,112500.00
616.00,444774418372838000000.00,2472.11,0.00,0.00,2223872091864190000000.00,7416.32,112500.00,112500.00
617.00,475908627658937000000.00,2494.36,0.00,0.00,2379543138294680000000.00,7483.07,112500.00,112500.00
618.00,509222231595062000000.00,2516.81,0.00,0.00,2546111157975310000000.00,7550.42,112500.00,112500.00
619.00,544867787806717000000.00,2539.46,0.00,0.00,2724338939033580000000.00,7618.37,112500.00,112500.00
620.00,583008532953187000000.00,2562.31,0.00,0.00,2915042664765940000000.00,7686.93,112500.00,112500.00
621.00,623819130259910000000.00,2585.37,0.00,0.00,3119095651299550000000.00,7756.12,112500.00,112500.00
622.00,667486469378104000000.00,2608.64,0.00,0.00,3337432346890520000000.00,7825.92,112500.00,112500.00
623.00,714210522234571000000.00,2632.12,0.00,0.00,3571052611172860000000.00,7896.35,112500.00,112500.00
624.00,764205258790991000000.00,2655.81,0.00,0.00,3821026293954960000000.00,7967.42,112500.00,112500.00
625.00,817699626906361000000.00,2679.71,0.00,0.00,4906197761438170000000.00,8039.13,112500.00,112500.00
626.00,874938600789806000000.00,2703.83,0.00,0.00,4374693003949030000000.00,8111.48,112800.00,112650.00
627.00,936184302845093000000.00,2728.16,0.00,0.00,4680921514225460000000.00,8184.48,113100.00,112800.00
628.00,1001717204044250000000.00,2752.71,0.00,0.00,5008586020221250000000.00,8258.14,113400.00,112950.00
629.00,1071837408327350000000.00,2777.49,0.00,0.00,5359187041636730000000.00,8332.47,113700.00,113100.00
630.00,1146866026910260000000.00,2802.49,0.00,0.00,5734330134551310000000.00,8407.46,114000.00,113250.00
631.00,1227146648793980000000.00,2827.71,0.00,0.00,6135733243969900000000.00,8483.13,114300.00,113400.00
632.00,1313046914209560000000.00,2853.16,0.00,0.00,6565234571047790000000.00,8559.48,114600.00,113550.00
633.00,1404960198204230000000.00,2878.84,0.00,0.00,7024800991021140000000.00,8636.51,114900.00,113700.00
634.00,1503307412078520000000.00,2904.75,0.00,0.00,7516537060392620000000.00,8714.24,115200.00,113850.00
635.00,1608538930924020000000.00,2930.89,0.00,0.00,8042694654620100000000.00,8792.67,115500.00,114000.00
636.00,1721136656088700000000.00,2957.27,0.00,0.00,8605683280443510000000.00,8871.80,115800.00,114150.00
637.00,1841616222014910000000.00,2983.88,0.00,0.00,9208081110074550000000.00,8951.65,116100.00,114300.00
638.00,1970529357555950000000.00,3010.74,0.00,0.00,9852646787779770000000.00,9032.21,116400.00,114450.00
639.00,2108466412584870000000.00,3037.83,0.00,0.00,10542332062924400000000.00,9113.50,116700.00,114600.00
640.00,2256059061465810000000.00,3065.17,0.00,0.00,11280295307329100000000.00,9195.52,117000.00,114750.00
641.00,2413983195768420000000.00,3092.76,0.00,0.00,12069915978842100000000.00,9278.28,117300.00,114900.00
642.00,2582962019472210000000.00,3120.60,0.00,0.00,12914810097361000000000.00,9361.79,117600.00,115050.00
643.00,2763769360835260000000.00,3148.68,0.00,0.00,13818846804176300000000.00,9446.04,117900.00,115200.00
644.00,2957233216093730000000.00,3177.02,0.00,0.00,14786166080468700000000.00,9531.06,118200.00,115350.00
645.00,3164239541220290000000.00,3205.61,0.00,0.00,15821197706101500000000.00,9616.84,118500.00,115500.00
646.00,3385736309105720000000.00,3234.46,0.00,0.00,16928681545528600000000.00,9703.39,118800.00,115650.00
647.00,3622737850743120000000.00,3263.57,0.00,0.00,18113689253715600000000.00,9790.72,119100.00,115800.00
648.00,3876329500295130000000.00,3292.95,0.00,0.00,19381647501475700000000.00,9878.84,119400.00,115950.00
649.00,4147672565315790000000.00,3322.58,0.00,0.00,20738362826579000000000.00,9967.75,119700.00,116100.00
650.00,4438009644887900000000.00,3352.49,0.00,0.00,26628057869327400000000.00,10057.46,120000.00,116250.00
651.00,5059330995172210000000.00,3382.66,0.00,0.00,25296654975861000000000.00,10147.97,120300.00,116400.00
652.00,5413484164834260000000.00,3413.10,0.00,0.00,27067420824171300000000.00,10239.30,116550.00,120600.00
653.00,5792428056372660000000.00,3443.82,0.00,0.00,28962140281863300000000.00,10331.46,116700.00,120900.00
654.00,6197898020318750000000.00,3474.81,0.00,0.00,30989490101593700000000.00,10424.44,116850.00,121200.00
655.00,6631750881741060000000.00,3506.09,0.00,0.00,33158754408705300000000.00,10518.26,117000.00,121500.00
656.00,7095973443462930000000.00,3537.64,0.00,0.00,35479867217314700000000.00,10612.93,117150.00,121800.00
657.00,7592691584505340000000.00,3569.48,0.00,0.00,37963457922526700000000.00,10708.44,117300.00,122100.00
658.00,8124179995420710000000.00,3601.61,0.00,0.00,40620899977103600000000.00,10804.82,117450.00,122400.00
659.00,8692872595100160000000.00,3634.02,0.00,0.00,43464362975500800000000.00,10902.06,117600.00,122700.00
660.00,9301373676757170000000.00,3666.73,0.00,0.00,46506868383785900000000.00,11000.18,117750.00,123000.00
661.00,9952469834130170000000.00,3699.73,0.00,0.00,49762349170650900000000.00,11099.18,117900.00,123300.00
662.00,10649142722519300000000.00,3733.02,0.00,0.00,53245713612596400000000.00,11199.07,118050.00,123600.00
663.00,11394582713095600000000.00,3766.62,0.00,0.00,56972913565478200000000.00,11299.87,118200.00,123900.00
664.00,12192203503012300000000.00,3800.52,0.00,0.00,60961017515061700000000.00,11401.57,118350.00,124200.00
665.00,13045657748223200000000.00,3834.73,0.00,0.00,65228288741116000000000.00,11504.18,118500.00,124500.00
666.00,13958853790598800000000.00,3869.24,0.00,0.00,69794268952994100000000.00,11607.72,118650.00,124800.00
667.00,14935973555940700000000.00,3904.06,0.00,0.00,74679867779703700000000.00,11712.19,118800.00,125100.00
668.00,15981491704856600000000.00,3939.20,0.00,0.00,79907458524283000000000.00,11817.60,118950.00,125400.00
669.00,17100196124196600000000.00,3974.65,0.00,0.00,85500980620982800000000.00,11923.95,119100.00,125700.00
670.00,18297209852890300000000.00,4010.42,0.00,0.00,91486049264451600000000.00,12031.27,119250.00,126000.00
671.00,19578014542592600000000.00,4046.52,0.00,0.00,97890072712963200000000.00,12139.55,119400.00,126300.00
672.00,20948475560574100000000.00,4082.94,0.00,0.00,104742377802871000000000.00,12248.81,119550.00,126600.00
673.00,22414868849814300000000.00,4119.68,0.00,0.00,112074344249072000000000.00,12359.05,119700.00,126900.00
674.00,23983909669301300000000.00,4156.76,0.00,0.00,119919548346507000000000.00,12470.28,119850.00,127200.00
675.00,25662783346152400000000.00,4194.17,0.00,0.00,192470875096143000000000.00,12582.51,120000.00,127500.00
676.00,27459178180383100000000.00,4231.92,0.00,0.00,137295890901915000000000.00,12695.75,120150.00,127800.00
677.00,29381320653009900000000.00,4270.00,0.00,0.00,146906603265050000000000.00,12810.01,128100.00,128100.00
678.00,31438013098720600000000.00,4308.43,0.00,0.00,157190065493603000000000.00,12925.30,128400.00,128400.00
679.00,33638674015631000000000.00,4347.21,0.00,0.00,168193370078155000000000.00,13041.63,128700.00,128700.00
680.00,35993381196725200000000.00,4386.34,0.00,0.00,179966905983626000000000.00,13159.01,129000.00,129000.00
681.00,41032454564266700000000.00,4425.81,0.00,0.00,205162272821334000000000.00,13277.44,129300.00,129300.00
682.00,43904726383765400000000.00,4465.65,0.00,0.00,219523631918827000000000.00,13396.94,129600.00,129600.00
683.00,46978057230629000000000.00,4505.84,0.00,0.00,234890286153145000000000.00,13517.51,129900.00,129900.00
684.00,50266521236773000000000.00,4546.39,0.00,0.00,251332606183865000000000.00,13639.17,130200.00,130200.00
685.00,53785177723347200000000.00,4587.31,0.00,0.00,268925888616736000000000.00,13761.92,130500.00,130500.00
686.00,57550140163981500000000.00,4628.59,0.00,0.00,287750700819907000000000.00,13885.78,130800.00,130800.00
687.00,61578649975460200000000.00,4670.25,0.00,0.00,307893249877301000000000.00,14010.75,131100.00,131100.00
688.00,65889155473742400000000.00,4712.28,0.00,0.00,329445777368712000000000.00,14136.84,131400.00,131400.00
689.00,70501396356904300000000.00,4754.69,0.00,0.00,352506981784522000000000.00,14264.08,131700.00,131700.00
690.00,75436494101887700000000.00,4797.48,0.00,0.00,377182470509438000000000.00,14392.45,132000.00,132000.00
691.00,85997603276151900000000.00,4840.66,0.00,0.00,429988016380760000000000.00,14521.98,132300.00,132300.00
692.00,92017435505482600000000.00,4884.23,0.00,0.00,460087177527413000000000.00,14652.68,132600.00,132600.00
693.00,98458655990866400000000.00,4928.19,0.00,0.00,492293279954332000000000.00,14784.56,132900.00,132900.00
694.00,105350761910227000000000.00,4972.54,0.00,0.00,526753809551135000000000.00,14917.62,133200.00,133200.00
695.00,112725315243943000000000.00,5017.29,0.00,0.00,563626576219715000000000.00,15051.88,133500.00,133500.00
696.00,120616087311019000000000.00,5062.45,0.00,0.00,603080436555095000000000.00,15187.34,133800.00,133800.00
697.00,129059213422790000000000.00,5108.01,0.00,0.00,645296067113951000000000.00,15324.03,134100.00,134100.00
698.00,138093358362386000000000.00,5153.98,0.00,0.00,690466791811928000000000.00,15461.94,134400.00,134400.00
699.00,147759893447753000000000.00,5200.37,0.00,0.00,738799467238763000000000.00,15601.10,134700.00,134700.00
700.00,158103085989095000000000.00,5247.17,0.00,0.00,1185773144918210000000000.00,15741.51,135000.00,135000.00
701.00,186561641467132000000000.00,5294.40,0.00,0.00,932808207335662000000000.00,15883.19,135000.00,135000.00
702.00,199620956369832000000000.00,5342.04,0.00,0.00,998104781849158000000000.00,16026.13,135000.00,135000.00
703.00,213594423315720000000000.00,5390.12,0.00,0.00,1067972116578600000000000.00,16170.37,135000.00,135000.00
704.00,228546032947820000000000.00,5438.63,0.00,0.00,1142730164739100000000000.00,16315.90,135000.00,135000.00
705.00,244544255254168000000000.00,5487.58,0.00,0.00,1222721276270840000000000.00,16462.75,135000.00,135000.00
706.00,261662353121960000000000.00,5536.97,0.00,0.00,1308311765609800000000000.00,16610.91,135000.00,135000.00
707.00,279978717840497000000000.00,5586.80,0.00,0.00,1399893589202480000000000.00,16760.41,135000.00,135000.00
708.00,299577228089331000000000.00,5637.08,0.00,0.00,1497886140446660000000000.00,16911.25,135000.00,135000.00
709.00,320547634055585000000000.00,5687.82,0.00,0.00,1602738170277920000000000.00,17063.45,135000.00,135000.00
710.00,342985968439476000000000.00,5739.01,0.00,0.00,1714929842197380000000000.00,17217.03,135000.00,135000.00
711.00,366994986230239000000000.00,5790.66,0.00,0.00,1834974931151190000000000.00,17371.98,135000.00,135000.00
712.00,392684635266356000000000.00,5842.78,0.00,0.00,1963423176331780000000000.00,17528.33,135000.00,135000.00
713.00,420172559735001000000000.00,5895.36,0.00,0.00,2100862798675000000000000.00,17686.08,135000.00,135000.00
714.00,449584638916451000000000.00,5948.42,0.00,0.00,2247923194582250000000000.00,17845.26,135000.00,135000.00
715.00,481055563640602000000000.00,6001.95,0.00,0.00,2405277818203010000000000.00,18005.86,135000.00,135000.00
716.00,514729453095444000000000.00,6055.97,0.00,0.00,2573647265477220000000000.00,18167.92,135000.00,135000.00
717.00,550760514812126000000000.00,6110.48,0.00,0.00,2753802574060630000000000.00,18331.43,135000.00,135000.00
718.00,589313750848974000000000.00,6165.47,0.00,0.00,2946568754244870000000000.00,18496.41,135000.00,135000.00
719.00,630565713408403000000000.00,6220.96,0.00,0.00,3152828567042010000000000.00,18662.88,135000.00,135000.00
720.00,674705313346991000000000.00,6276.95,0.00,0.00,3373526566734960000000000.00,18830.84,135000.00,135000.00
721.00,721934685281280000000000.00,6333.44,0.00,0.00,3609673426406400000000000.00,19000.32,135000.00,135000.00
722.00,772470113250970000000000.00,6390.44,0.00,0.00,3862350566254850000000000.00,19171.32,135000.00,135000.00
723.00,826543021178538000000000.00,6447.96,0.00,0.00,4132715105892690000000000.00,19343.87,135000.00,135000.00
724.00,884401032661036000000000.00,6505.99,0.00,0.00,4422005163305180000000000.00,19517.96,135000.00,135000.00
725.00,946309104947308000000000.00,6564.54,0.00,0.00,5677854629683850000000000.00,19693.62,135000.00,135000.00
726.00,1012550742293620000000000.00,6623.62,0.00,0.00,5062753711468100000000000.00,19870.87,135300.00,135150.00
727.00,1083429294254170000000000.00,6683.23,0.00,0.00,5417146471270870000000000.00,20049.70,135600.00,135300.00
728.00,1159269344851970000000000.00,6743.38,0.00,0.00,5796346724259830000000000.00,20230.15,135900.00,135450.00
729.00,1240418198991600000000000.00,6804.07,0.00,0.00,6202090994958020000000000.00,20412.22,136200.00,135600.00
730.00,1327247472921020000000000.00,6865.31,0.00,0.00,6636237364605080000000000.00,20595.93,136500.00,135750.00
731.00,1420154796025490000000000.00,6927.10,0.00,0.00,7100773980127430000000000.00,20781.30,136800.00,135900.00
732.00,1519565631747270000000000.00,6989.44,0.00,0.00,7597828158736350000000000.00,20968.33,137100.00,136050.00
733.00,1625935225969580000000000.00,7052.35,0.00,0.00,8129676129847900000000000.00,21157.04,137400.00,136200.00
734.00,1739750691787450000000000.00,7115.82,0.00,0.00,8698753458937250000000000.00,21347.45,137700.00,136350.00
735.00,1861533240212570000000000.00,7179.86,0.00,0.00,9307666201062860000000000.00,21539.58,138000.00,136500.00
736.00,1991840567027450000000000.00,7244.48,0.00,0.00,9959202835137260000000000.00,21733.44,138300.00,136650.00
737.00,2131269406719370000000000.00,7309.68,0.00,0.00,10656347033596900000000000.00,21929.04,138600.00,136800.00
738.00,2280458265189730000000000.00,7375.47,0.00,0.00,11402291325948700000000000.00,22126.40,138900.00,136950.00
739.00,2440090343753010000000000.00,7441.85,0.00,0.00,12200451718765100000000000.00,22325.54,139200.00,137100.00
740.00,2610896667815720000000000.00,7508.82,0.00,0.00,13054483339078600000000000.00,22526.47,139500.00,137250.00
741.00,2793659434562820000000000.00,7576.40,0.00,0.00,13968297172814100000000000.00,22729.21,139800.00,137400.00
742.00,2989215594982220000000000.00,7644.59,0.00,0.00,14946077974911100000000000.00,22933.77,140100.00,137550.00
743.00,3198460686630980000000000.00,7713.39,0.00,0.00,15992303433154900000000000.00,23140.17,140400.00,137700.00
744.00,3422352934695150000000000.00,7782.81,0.00,0.00,17111764673475700000000000.00,23348.43,140700.00,137850.00
745.00,3661917640123810000000000.00,7852.86,0.00,0.00,18309588200619000000000000.00,23558.57,141000.00,138000.00
746.00,3918251874932470000000000.00,7923.53,0.00,0.00,19591259374662400000000000.00,23770.60,141300.00,138150.00
747.00,4192529506177750000000000.00,7994.84,0.00,0.00,20962647530888700000000000.00,23984.53,141600.00,138300.00
748.00,4486006571610190000000000.00,8066.80,0.00,0.00,22430032858050900000000000.00,24200.39,141900.00,138450.00
749.00,4800027031622900000000000.00,8139.40,0.00,0.00,24000135158114500000000000.00,24418.20,142200.00,138600.00
750.00,5136028923836510000000000.00,8212.65,0.00,0.00,30816173543019000000000000.00,24637.96,142500.00,138750.00
751.00,5855072973173620000000000.00,8286.57,0.00,0.00,29275364865868100000000000.00,24859.70,142800.00,138900.00
752.00,6264928081295770000000000.00,8361.15,0.00,0.00,31324640406478800000000000.00,25083.44,139050.00,143100.00
753.00,6703473046986470000000000.00,8436.40,0.00,0.00,33517365234932400000000000.00,25309.19,139200.00,143400.00
754.00,7172716160275530000000000.00,8512.32,0.00,0.00,35863580801377600000000000.00,25536.97,139350.00,143700.00
755.00,7674806291494810000000000.00,8588.94,0.00,0.00,38374031457474100000000000.00,25766.81,139500.00,144000.00
756.00,8212042731899450000000000.00,8666.24,0.00,0.00,41060213659497300000000000.00,25998.71,139650.00,144300.00
757.00,8786885723132410000000000.00,8744.23,0.00,0.00,43934428615662100000000000.00,26232.70,139800.00,144600.00
758.00,9401967723751680000000000.00,8822.93,0.00,0.00,47009838618758400000000000.00,26468.79,139950.00,144900.00
759.00,10060105464414300000000000.00,8902.34,0.00,0.00,50300527322071500000000000.00,26707.01,140100.00,145200.00
760.00,10764312846923300000000000.00,8982.46,0.00,0.00,53821564234616500000000000.00,26947.37,140250.00,145500.00
761.00,11517814746207900000000000.00,9063.30,0.00,0.00,57589073731039700000000000.00,27189.90,140400.00,145800.00
762.00,12324061778442500000000000.00,9144.87,0.00,0.00,61620308892212500000000000.00,27434.61,140550.00,146100.00
763.00,13186746102933500000000000.00,9227.17,0.00,0.00,65933730514667300000000000.00,27681.52,140700.00,146400.00
764.00,14109818330138800000000000.00,9310.22,0.00,0.00,70549091650694000000000000.00,27930.65,140850.00,146700.00
765.00,15097505613248500000000000.00,9394.01,0.00,0.00,75487528066242600000000000.00,28182.03,141000.00,147000.00
766.00,16154331006175900000000000.00,9478.56,0.00,0.00,80771655030879600000000000.00,28435.67,141150.00,147300.00
767.00,17285134176608200000000000.00,9563.86,0.00,0.00,86425670883041200000000000.00,28691.59,141300.00,147600.00
768.00,18495093568970800000000000.00,9649.94,0.00,0.00,92475467844854100000000000.00,28949.81,141450.00,147900.00
769.00,19789750118798800000000000.00,9736.79,0.00,0.00,98948750593993900000000000.00,29210.36,141600.00,148200.00
770.00,21175032627114700000000000.00,9824.42,0.00,0.00,105875163135573000000000000.00,29473.25,141750.00,148500.00
771.00,22657284911012700000000000.00,9912.84,0.00,0.00,113286424555064000000000000.00,29738.51,141900.00,148800.00
772.00,24243294854783600000000000.00,10002.05,0.00,0.00,121216474273918000000000000.00,30006.16,142050.00,149100.00
773.00,25940325494618500000000000.00,10092.07,0.00,0.00,129701627473092000000000000.00,30276.22,142200.00,149400.00
774.00,27756148279241800000000000.00,10182.90,0.00,0.00,138780741396209000000000000.00,30548.70,142350.00,149700.00
775.00,29699078658788700000000000.00,10274.55,0.00,0.00,222743089940915000000000000.00,30823.64,142500.00,150000.00
776.00,31778014164903900000000000.00,10367.02,0.00,0.00,158890070824520000000000000.00,31101.05,142650.00,150300.00
777.00,34002475156447200000000000.00,10460.32,0.00,0.00,170012375782236000000000000.00,31380.96,150600.00,150600.00
778.00,36382648417398500000000000.00,10554.46,0.00,0.00,181913242086992000000000000.00,31663.39,150900.00,150900.00
779.00,38929433806616400000000000.00,10649.45,0.00,0.00,194647169033082000000000000.00,31948.36,151200.00,151200.00
780.00,41654494173079500000000000.00,10745.30,0.00,0.00,208272470865398000000000000.00,32235.90,151500.00,151500.00
781.00,47486123357310700000000000.00,10842.01,0.00,0.00,237430616786553000000000000.00,32526.02,151800.00,151800.00
782.00,50810151992322400000000000.00,10939.58,0.00,0.00,254050759961612000000000000.00,32818.75,152100.00,152100.00
783.00,54366862631785000000000000.00,11038.04,0.00,0.00,271834313158925000000000000.00,33114.12,152400.00,152400.00
784.00,58172543016009900000000000.00,11137.38,0.00,0.00,290862715080050000000000000.00,33412.15,152700.00,152700.00
785.00,62244621027130600000000000.00,11237.62,0.00,0.00,311223105135653000000000000.00,33712.86,153000.00,153000.00
786.00,66601744499029800000000000.00,11338.76,0.00,0.00,333008722495149000000000000.00,34016.27,153300.00,153300.00
787.00,71263866613961900000000000.00,11440.81,0.00,0.00,356319333069809000000000000.00,34322.42,153600.00,153600.00
788.00,76252337276939200000000000.00,11543.77,0.00,0.00,381261686384696000000000000.00,34631.32,153900.00,153900.00
789.00,81590000886325000000000000.00,11647.67,0.00,0.00,407950004431625000000000000.00,34943.00,154200.00,154200.00
790.00,87301300948367700000000000.00,11752.50,0.00,0.00,436506504741839000000000000.00,35257.49,154500.00,154500.00
791.00,99523483081139200000000000.00,11858.27,0.00,0.00,497617415405696000000000000.00,35574.81,154800.00,154800.00
792.00,106490126896819000000000000.00,11964.99,0.00,0.00,532450634484095000000000000.00,35894.98,155100.00,155100.00
793.00,113944435779596000000000000.00,12072.68,0.00,0.00,569722178897981000000000000.00,36218.04,155400.00,155400.00
794.00,121920546284168000000000000.00,12181.33,0.00,0.00,609602731420840000000000000.00,36544.00,155700.00,155700.00
795.00,130454984524060000000000000.00,12290.97,0.00,0.00,652274922620299000000000000.00,36872.90,156000.00,156000.00
796.00,139586833440744000000000000.00,12401.58,0.00,0.00,697934167203720000000000000.00,37204.75,156300.00,156300.00
797.00,149357911781596000000000000.00,12513.20,0.00,0.00,746789558907980000000000000.00,37539.59,156600.00,156600.00
798.00,159812965606308000000000000.00,12625.82,0.00,0.00,799064828031539000000000000.00,37877.45,156900.00,156900.00
799.00,170999873198749000000000000.00,12739.45,0.00,0.00,854999365993747000000000000.00,38218.35,157200.00,157200.00
800.00,182969864322662000000000000.00,12854.10,0.00,0.00,1372273982419960000000000000.00,38562.31,157500.00,157500.00
801.00,195777754825248000000000000.00,12969.79,0.00,0.00,978888774126241000000000000.00,38909.37,157500.00,157500.00
802.00,209482197663016000000000000.00,13086.52,0.00,0.00,1047410988315080000000000000.00,39259.56,157500.00,157500.00
803.00,224145951499427000000000000.00,13204.30,0.00,0.00,1120729757497130000000000000.00,39612.89,157500.00,157500.00
804.00,239836168104387000000000000.00,13323.14,0.00,0.00,1199180840521930000000000000.00,39969.41,157500.00,157500.00
805.00,256624699871694000000000000.00,13443.05,0.00,0.00,1283123499358470000000000000.00,40329.14,157500.00,157500.00
806.00,274588428862712000000000000.00,13564.03,0.00,0.00,1372942144313560000000000000.00,40692.10,157500.00,157500.00
807.00,293809618883102000000000000.00,13686.11,0.00,0.00,1469048094415510000000000000.00,41058.33,157500.00,157500.00
808.00,314376292204919000000000000.00,13809.28,0.00,0.00,1571881461024600000000000000.00,41427.85,157500.00,157500.00
809.00,336382632659264000000000000.00,13933.57,0.00,0.00,1681913163296320000000000000.00,41800.70,157500.00,157500.00
810.00,359929416945412000000000000.00,14058.97,0.00,0.00,1799647084727060000000000000.00,42176.91,157500.00,157500.00
811.00,385124476131591000000000000.00,14185.50,0.00,0.00,1925622380657950000000000000.00,42556.50,157500.00,157500.00
812.00,412083189460802000000000000.00,14313.17,0.00,0.00,2060415947304010000000000000.00,42939.51,157500.00,157500.00
813.00,440929012723059000000000000.00,14441.99,0.00,0.00,2204645063615290000000000000.00,43325.96,157500.00,157500.00
814.00,471794043613673000000000000.00,14571.97,0.00,0.00,2358970218068360000000000000.00,43715.90,157500.00,157500.00
815.00,504819626666630000000000000.00,14703.11,0.00,0.00,2524098133333150000000000000.00,44109.34,157500.00,157500.00
816.00,540157000533294000000000000.00,14835.44,0.00,0.00,2700785002666470000000000000.00,44506.33,157500.00,157500.00
817.00,577967990570624000000000000.00,14968.96,0.00,0.00,2889839952853120000000000000.00,44906.88,157500.00,157500.00
818.00,618425749910568000000000000.00,15103.68,0.00,0.00,3092128749552840000000000000.00,45311.04,157500.00,157500.00
819.00,661715552404308000000000000.00,15239.61,0.00,0.00,3308577762021540000000000000.00,45718.84,157500.00,157500.00
820.00,708035641072610000000000000.00,15376.77,0.00,0.00,3540178205363050000000000000.00,46130.31,157500.00,157500.00
821.00,757598135947692000000000000.00,15515.16,0.00,0.00,3787990679738460000000000000.00,46545.49,157500.00,157500.00
822.00,810630005464031000000000000.00,15654.80,0.00,0.00,4053150027320150000000000000.00,46964.40,157500.00,157500.00
823.00,867374105846513000000000000.00,15795.69,0.00,0.00,4336870529232560000000000000.00,47387.07,157500.00,157500.00
824.00,928090293255769000000000000.00,15937.85,0.00,0.00,4640451466278840000000000000.00,47813.56,157500.00,157500.00
825.00,993056613783673000000000000.00,16081.29,0.00,0.00,5958339682702040000000000000.00,48243.88,157500.00,157500.00
826.00,1062570576748530000000000000.00,16226.03,0.00,0.00,5312852883742650000000000000.00,48678.08,157800.00,157650.00
827.00,1136950517120930000000000000.00,16372.06,0.00,0.00,5684752585604640000000000000.00,49116.18,158100.00,157800.00
828.00,1216537053319390000000000000.00,16519.41,0.00,0.00,6082685266596960000000000000.00,49558.22,158400.00,157950.00
829.00,1301694647051750000000000000.00,16668.08,0.00,0.00,6508473235258750000000000000.00,50004.25,158700.00,158100.00
830.00,1392813272345370000000000000.00,16818.10,0.00,0.00,6964066361726860000000000000.00,50454.29,159000.00,158250.00
831.00,1490310201409550000000000000.00,16969.46,0.00,0.00,7451551007047740000000000000.00,50908.37,159300.00,158400.00
832.00,1594631915508220000000000000.00,17122.18,0.00,0.00,7973159577541080000000000000.00,51366.55,159600.00,158550.00
833.00,1706256149593790000000000000.00,17276.28,0.00,0.00,8531280747968960000000000000.00,51828.85,159900.00,158700.00
834.00,1825694080065360000000000000.00,17431.77,0.00,0.00,9128470400326790000000000000.00,52295.31,160200.00,158850.00
835.00,1953492665669930000000000000.00,17588.66,0.00,0.00,9767463328349660000000000000.00,52765.97,160500.00,159000.00
836.00,2090237152266830000000000000.00,17746.95,0.00,0.00,10451185761334100000000000000.00,53240.86,160800.00,159150.00
837.00,2236553752925510000000000000.00,17906.68,0.00,0.00,11182768764627500000000000000.00,53720.03,161100.00,159300.00
838.00,2393112515630290000000000000.00,18067.84,0.00,0.00,11965562578151500000000000000.00,54203.51,161400.00,159450.00
839.00,2560630391724410000000000000.00,18230.45,0.00,0.00,12803151958622100000000000000.00,54691.34,161700.00,159600.00
840.00,2739874519145120000000000000.00,18394.52,0.00,0.00,13699372595725600000000000000.00,55183.56,162000.00,159750.00
841.00,2931665735485280000000000000.00,18560.07,0.00,0.00,14658328677426400000000000000.00,55680.21,162300.00,159900.00
842.00,3136882336969250000000000000.00,18727.11,0.00,0.00,15684411684846200000000000000.00,56181.34,162600.00,160050.00
843.00,3356464100557100000000000000.00,18895.66,0.00,0.00,16782320502785500000000000000.00,56686.97,162900.00,160200.00
844.00,3591416587596090000000000000.00,19065.72,0.00,0.00,17957082937980500000000000000.00,57197.15,163200.00,160350.00
845.00,3842815748727820000000000000.00,19237.31,0.00,0.00,19214078743639100000000000000.00,57711.92,163500.00,160500.00
846.00,4111812851138770000000000000.00,19410.44,0.00,0.00,20559064255693800000000000000.00,58231.33,163800.00,160650.00
847.00,4399639750718480000000000000.00,19585.14,0.00,0.00,21998198753592400000000000000.00,58755.41,164100.00,160800.00
848.00,4707614533268780000000000000.00,19761.40,0.00,0.00,23538072666343900000000000000.00,59284.21,164400.00,160950.00
849.00,5037147550597590000000000000.00,19939.26,0.00,0.00,25185737752988000000000000000.00,59817.77,164700.00,161100.00
850.00,5389747879139420000000000000.00,20118.71,0.00,0.00,32338487274836500000000000000.00,60356.13,165000.00,161250.00
851.00,6144312582218940000000000000.00,20299.78,0.00,0.00,30721562911094700000000000000.00,60899.34,165300.00,161400.00
852.00,6574414462974270000000000000.00,20482.48,0.00,0.00,32872072314871300000000000000.00,61447.43,161550.00,165600.00
853.00,7034623475382470000000000000.00,20666.82,0.00,0.00,35173117376912300000000000000.00,62000.46,161700.00,165900.00
854.00,7527047118659240000000000000.00,20852.82,0.00,0.00,37635235593296200000000000000.00,62558.46,161850.00,166200.00
855.00,8053940416965390000000000000.00,21040.50,0.00,0.00,40269702084826900000000000000.00,63121.49,162000.00,166500.00
856.00,8617716246152970000000000000.00,21229.86,0.00,0.00,43088581230764800000000000000.00,63689.58,162150.00,166800.00
857.00,9220956383383670000000000000.00,21420.93,0.00,0.00,46104781916918400000000000000.00,64262.79,162300.00,167100.00
858.00,9866423330220530000000000000.00,21613.72,0.00,0.00,49332116651102700000000000000.00,64841.15,162450.00,167400.00
859.00,10557072963336000000000000000.00,21808.24,0.00,0.00,52785364816679800000000000000.00,65424.72,162600.00,167700.00
860.00,11296068070769500000000000000.00,22004.51,0.00,0.00,56480340353847400000000000000.00,66013.54,162750.00,168000.00
861.00,12086792835723400000000000000.00,22202.56,0.00,0.00,60433964178616800000000000000.00,66607.67,162900.00,168300.00
862.00,12932868334224000000000000000.00,22402.38,0.00,0.00,64664341671119900000000000000.00,67207.14,163050.00,168600.00
863.00,13838169117619700000000000000.00,22604.00,0.00,0.00,69190845588098300000000000000.00,67812.00,163200.00,168900.00
864.00,14806840955853000000000000000.00,22807.44,0.00,0.00,74034204779265200000000000000.00,68422.31,163350.00,169200.00
865.00,15843319822762800000000000000.00,23012.70,0.00,0.00,79216599113813800000000000000.00,69038.11,163500.00,169500.00
866.00,16952352210356100000000000000.00,23219.82,0.00,0.00,84761761051780800000000000000.00,69659.45,163650.00,169800.00
867.00,18139016865081100000000000000.00,23428.80,0.00,0.00,90695084325405400000000000000.00,70286.39,163800.00,170100.00
868.00,19408748045636800000000000000.00,23639.65,0.00,0.00,97043740228183800000000000000.00,70918.96,163950.00,170400.00
869.00,20767360408831300000000000000.00,23852.41,0.00,0.00,103836802044157000000000000000.00,71557.23,164100.00,170700.00
870.00,22221075637449500000000000000.00,24067.08,0.00,0.00,111105378187248000000000000000.00,72201.25,164250.00,171000.00
871.00,23776550932071000000000000000.00,24283.69,0.00,0.00,118882754660355000000000000000.00,72851.06,164400.00,171300.00
872.00,25440909497316000000000000000.00,24502.24,0.00,0.00,127204547486580000000000000000.00,73506.72,164550.00,171600.00
873.00,27221773162128100000000000000.00,24722.76,0.00,0.00,136108865810640000000000000000.00,74168.28,164700.00,171900.00
874.00,29127297283477000000000000000.00,24945.27,0.00,0.00,145636486417385000000000000000.00,74835.80,164850.00,172200.00
875.00,31166208093320400000000000000.00,25169.77,0.00,0.00,233746560699903000000000000000.00,75509.32,165000.00,172500.00
876.00,33347842659852900000000000000.00,25396.30,0.00,0.00,166739213299264000000000000000.00,76188.90,165150.00,172800.00
877.00,35682191646042600000000000000.00,25624.87,0.00,0.00,178410958230213000000000000000.00,76874.60,173100.00,173100.00
878.00,38179945061265600000000000000.00,25855.49,0.00,0.00,190899725306328000000000000000.00,77566.47,173400.00,173400.00
879.00,40852541215554200000000000000.00,26088.19,0.00,0.00,204262706077771000000000000000.00,78264.57,173700.00,173700.00
880.00,43712219100642900000000000000.00,26322.98,0.00,0.00,218561095503215000000000000000.00,78968.95,174000.00,174000.00
881.00,49831929774733000000000000000.00,26559.89,0.00,0.00,249159648873665000000000000000.00,79679.67,174300.00,174300.00
882.00,53320164858964300000000000000.00,26798.93,0.00,0.00,266600824294821000000000000000.00,80396.79,174600.00,174600.00
883.00,57052576399091800000000000000.00,27040.12,0.00,0.00,285262881995459000000000000000.00,81120.36,174900.00,174900.00
884.00,61046256747028200000000000000.00,27283.48,0.00,0.00,305231283735141000000000000000.00,81850.44,175200.00,175200.00
885.00,65319494719320200000000000000.00,27529.03,0.00,0.00,326597473596601000000000000000.00,82587.10,175500.00,175500.00
886.00,69891859349672600000000000000.00,27776.79,0.00,0.00,349459296748363000000000000000.00,83330.38,175800.00,175800.00
887.00,74784289504149700000000000000.00,28026.79,0.00,0.00,373921447520748000000000000000.00,84080.36,176100.00,176100.00
888.00,80019189769440200000000000000.00,28279.03,0.00,0.00,400095948847201000000000000000.00,84837.08,176400.00,176400.00
889.00,85620533053301000000000000000.00,28533.54,0.00,0.00,428102665266505000000000000000.00,85600.61,176700.00,176700.00
890.00,91613970367032000000000000000.00,28790.34,0.00,0.00,458069851835160000000000000000.00,86371.02,177000.00,177000.00
891.00,104439926218417000000000000000.00,29049.45,0.00,0.00,522199631092083000000000000000.00,87148.36,177300.00,177300.00
892.00,111750721053706000000000000000.00,29310.90,0.00,0.00,558753605268528000000000000000.00,87932.69,177600.00,177600.00
893.00,119573271527465000000000000000.00,29574.70,0.00,0.00,597866357637325000000000000000.00,88724.09,177900.00,177900.00
894.00,127943400534388000000000000000.00,29840.87,0.00,0.00,639717002671938000000000000000.00,89522.60,178200.00,178200.00
895.00,136899438571795000000000000000.00,30109.44,0.00,0.00,684497192858974000000000000000.00,90328.31,178500.00,178500.00
896.00,146482399271820000000000000000.00,30380.42,0.00,0.00,732411996359102000000000000000.00,91141.26,178800.00,178800.00
897.00,156736167220848000000000000000.00,30653.84,0.00,0.00,783680836104239000000000000000.00,91961.53,179100.00,179100.00
898.00,167707698926307000000000000000.00,30929.73,0.00,0.00,838538494631536000000000000000.00,92789.19,179400.00,179400.00
899.00,179447237851149000000000000000.00,31208.10,0.00,0.00,897236189255744000000000000000.00,93624.29,179700.00,179700.00
900.00,192008544500729000000000000000.00,31488.97,0.00,0.00,1440064083755470000000000000000.00,94466.91,180000.00,180000.00
901.00,205449142615780000000000000000.00,31772.37,0.00,0.00,1027245713078900000000000000000.00,95317.11,180000.00,180000.00
902.00,219830582598885000000000000000.00,32058.32,0.00,0.00,1099152912994420000000000000000.00,96174.96,180000.00,180000.00
903.00,235218723380807000000000000000.00,32346.85,0.00,0.00,1176093616904030000000000000000.00,97040.54,180000.00,180000.00
904.00,251684034017463000000000000000.00,32637.97,0.00,0.00,1258420170087320000000000000000.00,97913.90,180000.00,180000.00
905.00,269301916398686000000000000000.00,32931.71,0.00,0.00,1346509581993430000000000000000.00,98795.13,180000.00,180000.00
906.00,288153050546594000000000000000.00,33228.10,0.00,0.00,1440765252732970000000000000000.00,99684.29,180000.00,180000.00
907.00,308323764084855000000000000000.00,33527.15,0.00,0.00,1541618820424280000000000000000.00,100581.44,180000.00,180000.00
908.00,329906427570795000000000000000.00,33828.89,0.00,0.00,1649532137853980000000000000000.00,101486.68,180000.00,180000.00
909.00,352999877500751000000000000000.00,34133.35,0.00,0.00,1764999387503750000000000000000.00,102400.06,180000.00,180000.00
910.00,377709868925804000000000000000.00,34440.55,0.00,0.00,1888549344629020000000000000000.00,103321.66,180000.00,180000.00
911.00,404149559750610000000000000000.00,34750.52,0.00,0.00,2020747798753050000000000000000.00,104251.55,180000.00,180000.00
912.00,432440028933153000000000000000.00,35063.27,0.00,0.00,2162200144665760000000000000000.00,105189.82,180000.00,180000.00
913.00,462710830958473000000000000000.00,35378.84,0.00,0.00,2313554154792370000000000000000.00,106136.52,180000.00,180000.00
914.00,495100589125566000000000000000.00,35697.25,0.00,0.00,2475502945627830000000000000000.00,107091.75,180000.00,180000.00
915.00,529757630364356000000000000000.00,36018.53,0.00,0.00,2648788151821780000000000000000.00,108055.58,180000.00,180000.00
916.00,566840664489861000000000000000.00,36342.69,0.00,0.00,2834203322449310000000000000000.00,109028.08,180000.00,180000.00
917.00,606519511004151000000000000000.00,36669.78,0.00,0.00,3032597555020760000000000000000.00,110009.33,180000.00,180000.00
918.00,648975876774442000000000000000.00,36999.81,0.00,0.00,3244879383872210000000000000000.00,110999.42,180000.00,180000.00
919.00,694404188148653000000000000000.00,37332.80,0.00,0.00,3472020940743260000000000000000.00,111998.41,180000.00,180000.00
920.00,743012481319059000000000000000.00,37668.80,0.00,0.00,3715062406595290000000000000000.00,113006.40,180000.00,180000.00
921.00,795023355011393000000000000000.00,38007.82,0.00,0.00,3975116775056960000000000000000.00,114023.45,180000.00,180000.00
922.00,850674989862190000000000000000.00,38349.89,0.00,0.00,4253374949310950000000000000000.00,115049.67,180000.00,180000.00
923.00,910222239152544000000000000000.00,38695.04,0.00,0.00,4551111195762720000000000000000.00,116085.11,180000.00,180000.00
924.00,973937795893222000000000000000.00,39043.29,0.00,0.00,4869688979466110000000000000000.00,117129.88,180000.00,180000.00
925.00,1042113441605750000000000000000.00,39394.68,0.00,0.00,6252680649634480000000000000000.00,118184.05,180000.00,180000.00
926.00,1115061382518150000000000000000.00,39749.23,0.00,0.00,5575306912590750000000000000000.00,119247.70,180300.00,180150.00
927.00,1193115679294420000000000000000.00,40106.98,0.00,0.00,5965578396472100000000000000000.00,120320.93,180600.00,180300.00
928.00,1276633776845030000000000000000.00,40467.94,0.00,0.00,6383168884225150000000000000000.00,121403.82,180900.00,180450.00
929.00,1365998141224180000000000000000.00,40832.15,0.00,0.00,6829990706120910000000000000000.00,122496.46,181200.00,180600.00
930.00,1461618011109870000000000000000.00,41199.64,0.00,0.00,7308090055549370000000000000000.00,123598.92,181500.00,180750.00
931.00,1563931271887570000000000000000.00,41570.44,0.00,0.00,7819656359437830000000000000000.00,124711.31,181800.00,180900.00
932.00,1673406460919700000000000000000.00,41944.57,0.00,0.00,8367032304598480000000000000000.00,125833.72,182100.00,181050.00
933.00,1790544913184070000000000000000.00,42322.07,0.00,0.00,8952724565920370000000000000000.00,126966.22,182400.00,181200.00
934.00,1915883057106960000000000000000.00,42702.97,0.00,0.00,9579415285534800000000000000000.00,128108.92,182700.00,181350.00
935.00,2049994871104450000000000000000.00,43087.30,0.00,0.00,10249974355522200000000000000000.00,129261.90,183000.00,181500.00
936.00,2193494512081760000000000000000.00,43475.08,0.00,0.00,10967472560408800000000000000000.00,130425.25,183300.00,181650.00
937.00,2347039127927480000000000000000.00,43866.36,0.00,0.00,11735195639637400000000000000000.00,131599.08,183600.00,181800.00
938.00,2511331866882410000000000000000.00,44261.16,0.00,0.00,12556659334412000000000000000000.00,132783.47,183900.00,181950.00
939.00,2687125097564170000000000000000.00,44659.51,0.00,0.00,13435625487820900000000000000000.00,133978.52,184200.00,182100.00
940.00,2875223854393670000000000000000.00,45061.44,0.00,0.00,14376119271968300000000000000000.00,135184.33,184500.00,182250.00
941.00,3076489524201220000000000000000.00,45467.00,0.00,0.00,15382447621006100000000000000000.00,136400.99,184800.00,182400.00
942.00,3291843790895310000000000000000.00,45876.20,0.00,0.00,16459218954476500000000000000000.00,137628.60,185100.00,182550.00
943.00,3522272856257980000000000000000.00,46289.08,0.00,0.00,17611364281289900000000000000000.00,138867.25,185400.00,182700.00
944.00,3768831956196040000000000000000.00,46705.69,0.00,0.00,18844159780980200000000000000000.00,140117.06,185700.00,182850.00
945.00,4032650193129760000000000000000.00,47126.04,0.00,0.00,20163250965648800000000000000000.00,141378.11,186000.00,183000.00
946.00,4314935706648850000000000000000.00,47550.17,0.00,0.00,21574678533244200000000000000000.00,142650.52,186300.00,183150.00
947.00,4616981206114270000000000000000.00,47978.12,0.00,0.00,23084906030571300000000000000000.00,143934.37,186600.00,183300.00
948.00,4940169890542270000000000000000.00,48409.93,0.00,0.00,24700849452711300000000000000000.00,145229.78,186900.00,183450.00
949.00,5285981782880230000000000000000.00,48845.62,0.00,0.00,26429908914401100000000000000000.00,146536.85,187200.00,183600.00
950.00,5656000507681840000000000000000.00,49285.23,0.00,0.00,33936003046091100000000000000000.00,147855.68,187500.00,183750.00
951.00,6447840578757300000000000000000.00,49728.79,0.00,0.00,32239202893786500000000000000000.00,149186.38,187800.00,183900.00
952.00,6899189419270310000000000000000.00,50176.35,0.00,0.00,34495947096351500000000000000000.00,150529.06,184050.00,188100.00
953.00,7382132678619230000000000000000.00,50627.94,0.00,0.00,36910663393096200000000000000000.00,151883.82,184200.00,188400.00
954.00,7898881966122580000000000000000.00,51083.59,0.00,0.00,39494409830612900000000000000000.00,153250.77,184350.00,188700.00
955.00,8451803703751160000000000000000.00,51543.34,0.00,0.00,42259018518755800000000000000000.00,154630.03,184500.00,189000.00
956.00,9043429963013740000000000000000.00,52007.23,0.00,0.00,45217149815068700000000000000000.00,156021.70,184650.00,189300.00
957.00,9676470060424700000000000000000.00,52475.30,0.00,0.00,48382350302123500000000000000000.00,157425.90,184800.00,189600.00
958.00,10353822964654400000000000000000.00,52947.58,0.00,0.00,51769114823272200000000000000000.00,158842.73,184950.00,189900.00
959.00,11078590572180200000000000000000.00,53424.10,0.00,0.00,55392952860901200000000000000000.00,160272.31,185100.00,190200.00
960.00,11854091912232900000000000000000.00,53904.92,0.00,0.00,59270459561164300000000000000000.00,161714.77,185250.00,190500.00
961.00,12683878346089200000000000000000.00,54390.07,0.00,0.00,63419391730445800000000000000000.00,163170.20,185400.00,190800.00
962.00,13571749830315400000000000000000.00,54879.58,0.00,0.00,67858749151577000000000000000000.00,164638.73,185550.00,191100.00
963.00,14521772318437500000000000000000.00,55373.49,0.00,0.00,72608861592187400000000000000000.00,166120.48,185700.00,191400.00
964.00,15538296380728100000000000000000.00,55871.85,0.00,0.00,77691481903640500000000000000000.00,167615.56,185850.00,191700.00
965.00,16625977127379100000000000000000.00,56374.70,0.00,0.00,83129885636895400000000000000000.00,169124.10,186000.00,192000.00
966.00,17789795526295600000000000000000.00,56882.07,0.00,0.00,88948977631478100000000000000000.00,170646.22,186150.00,192300.00
967.00,19035081213136300000000000000000.00,57394.01,0.00,0.00,95175406065681500000000000000000.00,172182.04,186300.00,192600.00
968.00,20367536898055900000000000000000.00,57910.56,0.00,0.00,101837684490279000000000000000000.00,173731.67,186450.00,192900.00
969.00,21793264480919800000000000000000.00,58431.75,0.00,0.00,108966322404599000000000000000000.00,175295.26,186600.00,193200.00
970.00,23318792994584200000000000000000.00,58957.64,0.00,0.00,116593964972921000000000000000000.00,176872.92,186750.00,193500.00
971.00,24951108504205000000000000000000.00,59488.26,0.00,0.00,124755542521025000000000000000000.00,178464.77,186900.00,193800.00
972.00,26697686099499400000000000000000.00,60023.65,0.00,0.00,133488430497497000000000000000000.00,180070.96,187050.00,194100.00
973.00,28566524126464400000000000000000.00,60563.86,0.00,0.00,142832620632322000000000000000000.00,181691.59,187200.00,194400.00
974.00,30566180815316900000000000000000.00,61108.94,0.00,0.00,152830904076584000000000000000000.00,183326.82,187350.00,194700.00
975.00,32705813472389000000000000000000.00,61658.92,0.00,0.00,245293601042918000000000000000000.00,184976.76,187500.00,195000.00
976.00,34995220415456300000000000000000.00,62213.85,0.00,0.00,174976102077281000000000000000000.00,186641.55,187650.00,195300.00
977.00,37444885844538200000000000000000.00,62773.78,0.00,0.00,187224429222691000000000000000000.00,188321.33,195600.00,195600.00
978.00,40066027853655900000000000000000.00,63338.74,0.00,0.00,200330139268279000000000000000000.00,190016.22,195900.00,195900.00
979.00,42870649803411800000000000000000.00,63908.79,0.00,0.00,214353249017059000000000000000000.00,191726.36,196200.00,196200.00
980.00,45871595289650600000000000000000.00,64483.97,0.00,0.00,229357976448253000000000000000000.00,193451.90,196500.00,196500.00
981.00,52293618630201700000000000000000.00,65064.32,0.00,0.00,261468093151009000000000000000000.00,195192.97,196800.00,196800.00
982.00,55954171934315900000000000000000.00,65649.90,0.00,0.00,279770859671579000000000000000000.00,196949.70,197100.00,197100.00
983.00,59870963969718000000000000000000.00,66240.75,0.00,0.00,299354819848590000000000000000000.00,198722.25,197400.00,197400.00
984.00,64061931447598200000000000000000.00,66836.92,0.00,0.00,320309657237991000000000000000000.00,200510.75,197700.00,197700.00
985.00,68546266648930100000000000000000.00,67438.45,0.00,0.00,342731333244651000000000000000000.00,202315.35,198000.00,198000.00
986.00,73344505314355200000000000000000.00,68045.40,0.00,0.00,366722526571776000000000000000000.00,204136.19,198300.00,198300.00
987.00,78478620686360100000000000000000.00,68657.80,0.00,0.00,392393103431801000000000000000000.00,205973.41,198600.00,198600.00
988.00,83972124134405300000000000000000.00,69275.72,0.00,0.00,419860620672027000000000000000000.00,207827.17,198900.00,198900.00
989.00,89850172823813700000000000000000.00,69899.21,0.00,0.00,449250864119068000000000000000000.00,209697.62,199200.00,199200.00
990.00,96139684921480600000000000000000.00,70528.30,0.00,0.00,480698424607403000000000000000000.00,211584.90,199500.00,199500.00
991.00,109599240810488000000000000000000.00,71163.05,0.00,0.00,547996204052440000000000000000000.00,213489.16,199800.00,199800.00
992.00,117271187667222000000000000000000.00,71803.52,0.00,0.00,586355938336110000000000000000000.00,215410.56,200100.00,200100.00
993.00,125480170803928000000000000000000.00,72449.75,0.00,0.00,627400854019638000000000000000000.00,217349.26,200400.00,200400.00
994.00,134263782760203000000000000000000.00,73101.80,0.00,0.00,671318913801013000000000000000000.00,219305.40,200700.00,200700.00
995.00,143662247553417000000000000000000.00,73759.72,0.00,0.00,718311237767084000000000000000000.00,221279.15,201000.00,201000.00
996.00,153718604882156000000000000000000.00,74423.55,0.00,0.00,768593024410780000000000000000000.00,223270.66,201300.00,201300.00
997.00,164478907223907000000000000000000.00,75093.37,0.00,0.00,822394536119534000000000000000000.00,225280.10,201600.00,201600.00
998.00,175992430729580000000000000000000.00,75769.21,0.00,0.00,879962153647902000000000000000000.00,227307.62,201900.00,201900.00
999.00,188311900880651000000000000000000.00,76451.13,0.00,0.00,941559504403255000000000000000000.00,229353.39,202200.00,202200.00
1000.00,201493733942297000000000000000000.00,77139.19,0.00,0.00,1511203004567220000000000000000000.00,231417.57,202500.00,202500.00
1001.00,237762606051910000000000000000000.00,77833.44,0.00,0.00,1188813030259550000000000000000000.00,233500.33,202500.00,202500.00
1002.00,254405988475544000000000000000000.00,78533.94,0.00,0.00,1272029942377720000000000000000000.00,235601.83,202500.00,202500.00
1003.00,272214407668832000000000000000000.00,79240.75,0.00,0.00,1361072038344160000000000000000000.00,237722.25,202500.00,202500.00
1004.00,291269416205650000000000000000000.00,79953.92,0.00,0.00,1456347081028250000000000000000000.00,239861.75,202500.00,202500.00
1005.00,311658275340045000000000000000000.00,80673.50,0.00,0.00,1558291376700230000000000000000000.00,242020.50,202500.00,202500.00
1006.00,333474354613849000000000000000000.00,81399.56,0.00,0.00,1667371773069240000000000000000000.00,244198.69,202500.00,202500.00
1007.00,356817559436818000000000000000000.00,82132.16,0.00,0.00,1784087797184090000000000000000000.00,246396.47,202500.00,202500.00
1008.00,381794788597395000000000000000000.00,82871.35,0.00,0.00,1908973942986980000000000000000000.00,248614.04,202500.00,202500.00
1009.00,408520423799213000000000000000000.00,83617.19,0.00,0.00,2042602118996070000000000000000000.00,250851.57,202500.00,202500.00
1010.00,437116853465158000000000000000000.00,84369.74,0.00,0.00,2185584267325790000000000000000000.00,253109.23,202500.00,202500.00
1011.00,467715033207719000000000000000000.00,85129.07,0.00,0.00,2338575166038590000000000000000000.00,255387.22,202500.00,202500.00
1012.00,500455085532259000000000000000000.00,85895.23,0.00,0.00,2502275427661300000000000000000000.00,257685.70,202500.00,202500.00
1013.00,535486941519518000000000000000000.00,86668.29,0.00,0.00,2677434707597590000000000000000000.00,260004.87,202500.00,202500.00
1014.00,572971027425884000000000000000000.00,87448.31,0.00,0.00,2864855137129420000000000000000000.00,262344.92,202500.00,202500.00
1015.00,613078999345696000000000000000000.00,88235.34,0.00,0.00,3065394996728480000000000000000000.00,264706.02,202500.00,202500.00
1016.00,655994529299894000000000000000000.00,89029.46,0.00,0.00,3279972646499470000000000000000000.00,267088.37,202500.00,202500.00
1017.00,701914146350887000000000000000000.00,89830.72,0.00,0.00,3509570731754440000000000000000000.00,269492.17,202500.00,202500.00
1018.00,751048136595449000000000000000000.00,90639.20,0.00,0.00,3755240682977250000000000000000000.00,271917.60,202500.00,202500.00
1019.00,803621506157131000000000000000000.00,91454.95,0.00,0.00,4018107530785650000000000000000000.00,274364.86,202500.00,202500.00
1020.00,859875011588130000000000000000000.00,92278.05,0.00,0.00,4299375057940650000000000000000000.00,276834.14,202500.00,202500.00
1021.00,920066262399299000000000000000000.00,93108.55,0.00,0.00,4600331311996490000000000000000000.00,279325.65,202500.00,202500.00
1022.00,984470900767250000000000000000000.00,93946.53,0.00,0.00,4922354503836250000000000000000000.00,281839.58,202500.00,202500.00
1023.00,1053383863820960000000000000000000.00,94792.05,0.00,0.00,5266919319104790000000000000000000.00,284376.14,202500.00,202500.00
1024.00,1127120734288420000000000000000000.00,95645.17,0.00,0.00,5635603671442120000000000000000000.00,286935.52,202500.00,202500.00
1025.00,1206019185688610000000000000000000.00,96505.98,0.00,0.00,7236115114131690000000000000000000.00,289517.94,202500.00,202500.00
1026.00,1290440528686820000000000000000000.00,97374.53,0.00,0.00,6452202643434090000000000000000000.00,292123.60,202800.00,202650.00
1027.00,1380771365694890000000000000000000.00,98250.90,0.00,0.00,6903856828474470000000000000000000.00,294752.71,203100.00,202800.00
1028.00,1477425361293540000000000000000000.00,99135.16,0.00,0.00,7387126806467690000000000000000000.00,297405.49,203400.00,202950.00
1029.00,1580845136584080000000000000000000.00,100027.38,0.00,0.00,7904225682920420000000000000000000.00,300082.14,203700.00,203100.00
1030.00,1691504296144970000000000000000000.00,100927.63,0.00,0.00,8457521480724850000000000000000000.00,302782.88,204000.00,203250.00
1031.00,1809909596875120000000000000000000.00,101835.97,0.00,0.00,9049547984375590000000000000000000.00,305507.92,204300.00,203400.00
1032.00,1936603268656380000000000000000000.00,102752.50,0.00,0.00,9683016343281890000000000000000000.00,308257.50,204600.00,203550.00
1033.00,2072165497462320000000000000000000.00,103677.27,0.00,0.00,10360827487311600000000000000000000.00,311031.81,204900.00,203700.00
1034.00,2217217082284690000000000000000000.00,104610.37,0.00,0.00,11086085411423400000000000000000000.00,313831.10,205200.00,203850.00
1035.00,2372422278044620000000000000000000.00,105551.86,0.00,0.00,11862111390223100000000000000000000.00,316655.58,205500.00,204000.00
1036.00,2538491837507740000000000000000000.00,106501.83,0.00,0.00,12692459187538700000000000000000000.00,319505.48,205800.00,204150.00
1037.00,2716186266133280000000000000000000.00,107460.34,0.00,0.00,13580931330666400000000000000000000.00,322381.03,206100.00,204300.00
1038.00,2906319304762610000000000000000000.00,108427.49,0.00,0.00,14531596523813000000000000000000000.00,325282.46,206400.00,204450.00
1039.00,3109761656095990000000000000000000.00,109403.33,0.00,0.00,15548808280480000000000000000000000.00,328210.00,206700.00,204600.00
1040.00,3327444972022710000000000000000000.00,110387.96,0.00,0.00,16637224860113600000000000000000000.00,331163.89,207000.00,204750.00
1041.00,3560366120064300000000000000000000.00,111381.45,0.00,0.00,17801830600321500000000000000000000.00,334144.36,207300.00,204900.00
1042.00,3809591748468800000000000000000000.00,112383.89,0.00,0.00,19047958742344000000000000000000000.00,337151.66,207600.00,205050.00
1043.00,4076263170861620000000000000000000.00,113395.34,0.00,0.00,20381315854308100000000000000000000.00,340186.03,207900.00,205200.00
1044.00,4361601592821930000000000000000000.00,114415.90,0.00,0.00,21808007964109700000000000000000000.00,343247.70,208200.00,205350.00
1045.00,4666913704319470000000000000000000.00,115445.64,0.00,0.00,23334568521597300000000000000000000.00,346336.93,208500.00,205500.00
1046.00,4993597663621830000000000000000000.00,116484.65,0.00,0.00,24967988318109200000000000000000000.00,349453.96,208800.00,205650.00
1047.00,5343149500075360000000000000000000.00,117533.02,0.00,0.00,26715747500376800000000000000000000.00,352599.05,209100.00,205800.00
1048.00,5717169965080640000000000000000000.00,118590.81,0.00,0.00,28585849825403200000000000000000000.00,355772.44,209400.00,205950.00
1049.00,6117371862636280000000000000000000.00,119658.13,0.00,0.00,30586859313181400000000000000000000.00,358974.39,209700.00,206100.00
1050.00,6545587893020820000000000000000000.00,120735.05,0.00,0.00,39273527358124900000000000000000000.00,362205.16,210000.00,206250.00
1051.00,7461970198043740000000000000000000.00,121821.67,0.00,0.00,37309850990218700000000000000000000.00,365465.01,210300.00,206400.00
1052.00,7984308111906800000000000000000000.00,122918.07,0.00,0.00,39921540559534000000000000000000000.00,368754.20,206550.00,210600.00
1053.00,8543209679740280000000000000000000.00,124024.33,0.00,0.00,42716048398701400000000000000000000.00,372072.98,206700.00,210900.00
1054.00,9141234357322100000000000000000000.00,125140.55,0.00,0.00,45706171786610500000000000000000000.00,375421.64,206850.00,211200.00
1055.00,9781120762334640000000000000000000.00,126266.81,0.00,0.00,48905603811673200000000000000000000.00,378800.43,207000.00,211500.00
1056.00,10465799215698100000000000000000000.00,127403.21,0.00,0.00,52328996078490300000000000000000000.00,382209.64,207150.00,211800.00
1057.00,11198405160796900000000000000000000.00,128549.84,0.00,0.00,55992025803984700000000000000000000.00,385649.53,207300.00,212100.00
1058.00,11982293522052700000000000000000000.00,129706.79,0.00,0.00,59911467610263600000000000000000000.00,389120.37,207450.00,212400.00
1059.00,12821054068596400000000000000000000.00,130874.15,0.00,0.00,64105270342982100000000000000000000.00,392622.45,207600.00,212700.00
1060.00,13718527853398200000000000000000000.00,132052.02,0.00,0.00,68592639266990800000000000000000000.00,396156.06,207750.00,213000.00
1061.00,14678824803136000000000000000000000.00,133240.49,0.00,0.00,73394124015680200000000000000000000.00,399721.46,207900.00,213300.00
1062.00,15706342539355600000000000000000000.00,134439.65,0.00,0.00,78531712696777800000000000000000000.00,403318.95,208050.00,213600.00
1063.00,16805786517110400000000000000000000.00,135649.61,0.00,0.00,84028932585552200000000000000000000.00,406948.82,208200.00,213900.00
1064.00,17982191573308200000000000000000000.00,136870.45,0.00,0.00,89910957866540900000000000000000000.00,410611.36,208350.00,214200.00
1065.00,19240944983439800000000000000000000.00,138102.29,0.00,0.00,96204724917198800000000000000000000.00,414306.87,208500.00,214500.00
1066.00,20587811132280500000000000000000000.00,139345.21,0.00,0.00,102939055661403000000000000000000000.00,418035.63,208650.00,214800.00
1067.00,22028957911540200000000000000000000.00,140599.32,0.00,0.00,110144789557701000000000000000000000.00,421797.95,208800.00,215100.00
1068.00,23570984965348000000000000000000000.00,141864.71,0.00,0.00,117854924826740000000000000000000000.00,425594.13,208950.00,215400.00
1069.00,25220953912922400000000000000000000.00,143141.49,0.00,0.00,126104769564612000000000000000000000.00,429424.48,209100.00,215700.00
1070.00,26986420686826900000000000000000000.00,144429.77,0.00,0.00,134932103434135000000000000000000000.00,433289.30,209250.00,216000.00
1071.00,28875470134904800000000000000000000.00,145729.63,0.00,0.00,144377350674524000000000000000000000.00,437188.90,209400.00,216300.00
1072.00,30896753044348100000000000000000000.00,147041.20,0.00,0.00,154483765221741000000000000000000000.00,441123.60,209550.00,216600.00
1073.00,33059525757452500000000000000000000.00,148364.57,0.00,0.00,165297628787263000000000000000000000.00,445093.71,209700.00,216900.00
1074.00,35373692560474200000000000000000000.00,149699.85,0.00,0.00,176868462802371000000000000000000000.00,449099.56,209850.00,217200.00
1075.00,37849851039707400000000000000000000.00,151047.15,0.00,0.00,283873882797805000000000000000000000.00,453141.45,210000.00,217500.00
1076.00,40499340612486900000000000000000000.00,152406.58,0.00,0.00,202496703062435000000000000000000000.00,457219.73,210150.00,217800.00
1077.00,43334294455361000000000000000000000.00,153778.23,0.00,0.00,216671472276805000000000000000000000.00,461334.70,218100.00,218100.00
1078.00,46367695067236300000000000000000000.00,155162.24,0.00,0.00,231838475336181000000000000000000000.00,465486.72,218400.00,218400.00
1079.00,49613433721942800000000000000000000.00,156558.70,0.00,0.00,248067168609714000000000000000000000.00,469676.10,218700.00,218700.00
1080.00,53086374082478800000000000000000000.00,157967.73,0.00,0.00,265431870412394000000000000000000000.00,473903.18,219000.00,219000.00
1081.00,60518466454025800000000000000000000.00,159389.44,0.00,0.00,302592332270129000000000000000000000.00,478168.31,219300.00,219300.00
1082.00,64754759105807700000000000000000000.00,160823.94,0.00,0.00,323773795529038000000000000000000000.00,482471.82,219600.00,219600.00
1083.00,69287592243214200000000000000000000.00,162271.36,0.00,0.00,346437961216071000000000000000000000.00,486814.07,219900.00,219900.00
1084.00,74137723700239200000000000000000000.00,163731.80,0.00,0.00,370688618501196000000000000000000000.00,491195.40,220200.00,220200.00
1085.00,79327364359255900000000000000000000.00,165205.39,0.00,0.00,396636821796280000000000000000000000.00,495616.16,220500.00,220500.00
1086.00,84880279864403800000000000000000000.00,166692.23,0.00,0.00,424401399322019000000000000000000000.00,500076.70,220800.00,220800.00
1087.00,90821899454912100000000000000000000.00,168192.46,0.00,0.00,454109497274561000000000000000000000.00,504577.39,221100.00,221100.00
1088.00,97179432416756000000000000000000000.00,169706.20,0.00,0.00,485897162083780000000000000000000000.00,509118.59,221400.00,221400.00
1089.00,103981992685929000000000000000000000.00,171233.55,0.00,0.00,519909963429644000000000000000000000.00,513700.66,221700.00,221700.00
1090.00,111260732173944000000000000000000000.00,172774.65,0.00,0.00,556303660869720000000000000000000000.00,518323.96,222000.00,222000.00
1091.00,126837234678296000000000000000000000.00,174329.63,0.00,0.00,634186173391480000000000000000000000.00,522988.88,222300.00,222300.00
1092.00,135715841105777000000000000000000000.00,175898.59,0.00,0.00,678579205528884000000000000000000000.00,527695.78,222600.00,222600.00
1093.00,145215949983181000000000000000000000.00,177481.68,0.00,0.00,726079749915906000000000000000000000.00,532445.04,222900.00,222900.00
1094.00,155381066482004000000000000000000000.00,179079.02,0.00,0.00,776905332410019000000000000000000000.00,537237.05,223200.00,223200.00
1095.00,166257741135744000000000000000000000.00,180690.73,0.00,0.00,831288705678721000000000000000000000.00,542072.18,223500.00,223500.00
1096.00,177895783015246000000000000000000000.00,182316.94,0.00,0.00,889478915076231000000000000000000000.00,546950.83,223800.00,223800.00
1097.00,190348487826313000000000000000000000.00,183957.80,0.00,0.00,951742439131567000000000000000000000.00,551873.39,224100.00,224100.00
1098.00,203672881974155000000000000000000000.00,185613.42,0.00,0.00,1018364409870780000000000000000000000.00,556840.25,224400.00,224400.00
1099.00,217929983712346000000000000000000000.00,187283.94,0.00,0.00,1089649918561730000000000000000000000.00,561851.81,224700.00,224700.00
1100.00,233185082572211000000000000000000000.00,188969.49,0.00,0.00,1748888119291580000000000000000000000.00,566908.47,225000.00,225000.00
1101.00,275158397435208000000000000000000000.00,190670.22,0.00,0.00,1375791987176040000000000000000000000.00,572010.65,225000.00,225000.00
1102.00,294419485255673000000000000000000000.00,192386.25,0.00,0.00,1472097426278370000000000000000000000.00,577158.75,225000.00,225000.00
1103.00,315028849223570000000000000000000000.00,194117.73,0.00,0.00,1575144246117850000000000000000000000.00,582353.18,225000.00,225000.00
1104.00,337080868669220000000000000000000000.00,195864.78,0.00,0.00,1685404343346100000000000000000000000.00,587594.35,225000.00,225000.00
1105.00,360676529476066000000000000000000000.00,197627.57,0.00,0.00,1803382647380330000000000000000000000.00,592882.70,225000.00,225000.00
1106.00,385923886539390000000000000000000000.00,199406.22,0.00,0.00,1929619432696950000000000000000000000.00,598218.65,225000.00,225000.00
1107.00,412938558597148000000000000000000000.00,201200.87,0.00,0.00,2064692792985740000000000000000000000.00,603602.62,225000.00,225000.00
1108.00,441844257698948000000000000000000000.00,203011.68,0.00,0.00,2209221288494740000000000000000000000.00,609035.04,225000.00,225000.00
1109.00,472773355737874000000000000000000000.00,204838.78,0.00,0.00,2363866778689370000000000000000000000.00,614516.35,225000.00,225000.00
1110.00,505867490639525000000000000000000000.00,206682.33,0.00,0.00,2529337453197630000000000000000000000.00,620047.00,225000.00,225000.00
1111.00,541278214984292000000000000000000000.00,208542.47,0.00,0.00,2706391074921460000000000000000000000.00,625627.42,225000.00,225000.00
1112.00,579167690033193000000000000000000000.00,210419.36,0.00,0.00,2895838450165960000000000000000000000.00,631258.07,225000.00,225000.00
1113.00,619709428335516000000000000000000000.00,212313.13,0.00,0.00,3098547141677580000000000000000000000.00,636939.39,225000.00,225000.00
1114.00,663089088319002000000000000000000000.00,214223.95,0.00,0.00,3315445441595010000000000000000000000.00,642671.85,225000.00,225000.00
1115.00,709505324501333000000000000000000000.00,216151.96,0.00,0.00,3547526622506660000000000000000000000.00,648455.89,225000.00,225000.00
1116.00,759170697216426000000000000000000000.00,218097.33,0.00,0.00,3795853486082130000000000000000000000.00,654292.00,225000.00,225000.00
1117.00,812312646021576000000000000000000000.00,220060.21,0.00,0.00,4061563230107880000000000000000000000.00,660180.63,225000.00,225000.00
1118.00,869174531243086000000000000000000000.00,222040.75,0.00,0.00,4345872656215430000000000000000000000.00,666122.25,225000.00,225000.00
1119.00,930016748430102000000000000000000000.00,224039.12,0.00,0.00,4650083742150510000000000000000000000.00,672117.35,225000.00,225000.00
1120.00,995117920820209000000000000000000000.00,226055.47,0.00,0.00,4975589604101050000000000000000000000.00,678166.41,225000.00,225000.00
1121.00,1064776175277620000000000000000000000.00,228089.97,0.00,0.00,5323880876388120000000000000000000000.00,684269.91,225000.00,225000.00
1122.00,1139310507547060000000000000000000000.00,230142.78,0.00,0.00,5696552537735290000000000000000000000.00,690428.33,225000.00,225000.00
1123.00,1219062243075350000000000000000000000.00,232214.06,0.00,0.00,6095311215376760000000000000000000000.00,696642.19,225000.00,225000.00
1124.00,1304396600090630000000000000000000000.00,234303.99,0.00,0.00,6521983000453130000000000000000000000.00,702911.97,225000.00,225000.00
1125.00,1395704362096970000000000000000000000.00,236412.73,0.00,0.00,8374226172581830000000000000000000000.00,709238.18,225000.00,225000.00
1126.00,1493403667443760000000000000000000000.00,238540.44,0.00,0.00,7467018337218790000000000000000000000.00,715621.32,225300.00,225150.00
1127.00,1597941924164820000000000000000000000.00,240687.30,0.00,0.00,7989709620824110000000000000000000000.00,722061.91,225600.00,225300.00
1128.00,1709797858856360000000000000000000000.00,242853.49,0.00,0.00,8548989294281800000000000000000000000.00,728560.47,225900.00,225450.00
1129.00,1829483708976310000000000000000000000.00,245039.17,0.00,0.00,9147418544881530000000000000000000000.00,735117.51,226200.00,225600.00
1130.00,1957547568604650000000000000000000000.00,247244.52,0.00,0.00,9787737843023230000000000000000000000.00,741733.57,226500.00,225750.00
1131.00,2094575898406970000000000000000000000.00,249469.72,0.00,0.00,10472879492034900000000000000000000000.00,748409.17,226800.00,225900.00
1132.00,2241196211295460000000000000000000000.00,251714.95,0.00,0.00,11205981056477300000000000000000000000.00,755144.86,227100.00,226050.00
1133.00,2398079946086140000000000000000000000.00,253980.39,0.00,0.00,11990399730430700000000000000000000000.00,761941.16,227400.00,226200.00
1134.00,2565945542312170000000000000000000000.00,256266.21,0.00,0.00,12829727711560900000000000000000000000.00,768798.63,227700.00,226350.00
1135.00,2745561730274020000000000000000000000.00,258572.61,0.00,0.00,13727808651370100000000000000000000000.00,775717.82,228000.00,226500.00
1136.00,2937751051393210000000000000000000000.00,260899.76,0.00,0.00,14688755256966000000000000000000000000.00,782699.28,228300.00,226650.00
1137.00,3143393624990730000000000000000000000.00,263247.86,0.00,0.00,15716968124953700000000000000000000000.00,789743.57,228600.00,226800.00
1138.00,3363431178740080000000000000000000000.00,265617.09,0.00,0.00,16817155893700400000000000000000000000.00,796851.26,228900.00,226950.00
1139.00,3598871361251890000000000000000000000.00,268007.64,0.00,0.00,17994356806259400000000000000000000000.00,804022.93,229200.00,227100.00
1140.00,3850792356539520000000000000000000000.00,270419.71,0.00,0.00,19253961782697600000000000000000000000.00,811259.13,229500.00,227250.00
1141.00,4120347821497290000000000000000000000.00,272853.49,0.00,0.00,20601739107486400000000000000000000000.00,818560.46,229800.00,227400.00
1142.00,4408772169002100000000000000000000000.00,275309.17,0.00,0.00,22043860845010500000000000000000000000.00,825927.51,230100.00,227550.00
1143.00,4717386220832250000000000000000000000.00,277786.95,0.00,0.00,23586931104161200000000000000000000000.00,833360.86,230400.00,227700.00
1144.00,5047603256290500000000000000000000000.00,280287.03,0.00,0.00,25238016281452500000000000000000000000.00,840861.10,230700.00,227850.00
1145.00,5400935484230840000000000000000000000.00,282809.62,0.00,0.00,27004677421154200000000000000000000000.00,848428.85,231000.00,228000.00
1146.00,5779000968127000000000000000000000000.00,285354.90,0.00,0.00,28895004840635000000000000000000000000.00,856064.71,231300.00,228150.00
1147.00,6183531035895890000000000000000000000.00,287923.10,0.00,0.00,30917655179479400000000000000000000000.00,863769.30,231600.00,228300.00
1148.00,6616378208408600000000000000000000000.00,290514.41,0.00,0.00,33081891042043000000000000000000000000.00,871543.22,231900.00,228450.00
1149.00,7079524682997200000000000000000000000.00,293129.04,0.00,0.00,35397623414986000000000000000000000000.00,879387.11,232200.00,228600.00
1150.00,7575091410807010000000000000000000000.00,295767.20,0.00,0.00,45450548464842000000000000000000000000.00,887301.59,232500.00,228750.00
1151.00,8635604208319990000000000000000000000.00,298429.10,0.00,0.00,43178021041599900000000000000000000000.00,895287.31,232800.00,228900.00
1152.00,9240096502902390000000000000000000000.00,301114.96,0.00,0.00,46200482514511900000000000000000000000.00,903344.89,229050.00,233100.00
1153.00,9886903258105560000000000000000000000.00,303825.00,0.00,0.00,49434516290527800000000000000000000000.00,911475.00,229200.00,233400.00
1154.00,10578986486172900000000000000000000000.00,306559.42,0.00,0.00,52894932430864700000000000000000000000.00,919678.27,229350.00,233700.00
1155.00,11319515540205100000000000000000000000.00,309318.46,0.00,0.00,56597577701025300000000000000000000000.00,927955.38,229500.00,234000.00
1156.00,12111881628019400000000000000000000000.00,312102.32,0.00,0.00,60559408140097000000000000000000000000.00,936306.97,229650.00,234300.00
1157.00,12959713341980800000000000000000000000.00,314911.25,0.00,0.00,64798566709903800000000000000000000000.00,944733.74,229800.00,234600.00
1158.00,13866893275919400000000000000000000000.00,317745.45,0.00,0.00,69334466379597100000000000000000000000.00,953236.34,229950.00,234900.00
1159.00,14837575805233800000000000000000000000.00,320605.16,0.00,0.00,74187879026168900000000000000000000000.00,961815.47,230100.00,235200.00
1160.00,15876206111600100000000000000000000000.00,323490.60,0.00,0.00,79381030558000700000000000000000000000.00,970471.81,230250.00,235500.00
1161.00,16987540539412200000000000000000000000.00,326402.02,0.00,0.00,84937702697060800000000000000000000000.00,979206.05,230400.00,235800.00
1162.00,18176668377171000000000000000000000000.00,329339.64,0.00,0.00,90883341885855100000000000000000000000.00,988018.91,230550.00,236100.00
1163.00,19449035163573000000000000000000000000.00,332303.69,0.00,0.00,97245175817864900000000000000000000000.00,996911.08,230700.00,236400.00
1164.00,20810467625023100000000000000000000000.00,335294.43,0.00,0.00,104052338125115000000000000000000000000.00,1005883.28,230850.00,236700.00
1165.00,22267200358774700000000000000000000000.00,338312.08,0.00,0.00,111336001793874000000000000000000000000.00,1014936.23,231000.00,237000.00
1166.00,23825904383888900000000000000000000000.00,341356.88,0.00,0.00,119129521919445000000000000000000000000.00,1024070.65,231150.00,237300.00
1167.00,25493717690761200000000000000000000000.00,344429.10,0.00,0.00,127468588453806000000000000000000000000.00,1033287.29,231300.00,237600.00
1168.00,27278277929114500000000000000000000000.00,347528.96,0.00,0.00,136391389645572000000000000000000000000.00,1042586.87,231450.00,237900.00
1169.00,29187757384152500000000000000000000000.00,350656.72,0.00,0.00,145938786920762000000000000000000000000.00,1051970.16,231600.00,238200.00
1170.00,31230900401043100000000000000000000000.00,353812.63,0.00,0.00,156154502005216000000000000000000000000.00,1061437.89,231750.00,238500.00
1171.00,33417063429116200000000000000000000000.00,356996.94,0.00,0.00,167085317145581000000000000000000000000.00,1070990.83,231900.00,238800.00
1172.00,35756257869154300000000000000000000000.00,360209.92,0.00,0.00,178781289345772000000000000000000000000.00,1080629.75,232050.00,239100.00
1173.00,38259195919995100000000000000000000000.00,363451.80,0.00,0.00,191295979599976000000000000000000000000.00,1090355.41,232200.00,239400.00
1174.00,40937339634394800000000000000000000000.00,366722.87,0.00,0.00,204686698171974000000000000000000000000.00,1100168.61,232350.00,239700.00
1175.00,43802953408802400000000000000000000000.00,370023.38,0.00,0.00,328522150566018000000000000000000000000.00,1110070.13,232500.00,240000.00
1176.00,46869160147418600000000000000000000000.00,373353.59,0.00,0.00,234345800737093000000000000000000000000.00,1120060.76,232650.00,240300.00
1177.00,50150001357737900000000000000000000000.00,376713.77,0.00,0.00,250750006788689000000000000000000000000.00,1130141.31,240600.00,240600.00
1178.00,53660501452779500000000000000000000000.00,380104.19,0.00,0.00,268302507263898000000000000000000000000.00,1140312.58,240900.00,240900.00
1179.00,57416736554474100000000000000000000000.00,383525.13,0.00,0.00,287083682772370000000000000000000000000.00,1150575.39,241200.00,241200.00
1180.00,61435908113287300000000000000000000000.00,386976.86,0.00,0.00,307179540566436000000000000000000000000.00,1160930.57,241500.00,241500.00
1181.00,70036935249147500000000000000000000000.00,390459.65,0.00,0.00,350184676245738000000000000000000000000.00,1171378.95,241800.00,241800.00
1182.00,74939520716587800000000000000000000000.00,393973.79,0.00,0.00,374697603582939000000000000000000000000.00,1181921.36,242100.00,242100.00
1183.00,80185287166749000000000000000000000000.00,397519.55,0.00,0.00,400926435833745000000000000000000000000.00,1192558.65,242400.00,242400.00
1184.00,85798257268421400000000000000000000000.00,401097.23,0.00,0.00,428991286342107000000000000000000000000.00,1203291.68,242700.00,242700.00
1185.00,91804135277210900000000000000000000000.00,404707.10,0.00,0.00,459020676386055000000000000000000000000.00,1214121.30,243000.00,243000.00
1186.00,98230424746615700000000000000000000000.00,408349.46,0.00,0.00,491152123733078000000000000000000000000.00,1225048.39,243300.00,243300.00
1187.00,105106554478879000000000000000000000000.00,412024.61,0.00,0.00,525532772394394000000000000000000000000.00,1236073.83,243600.00,243600.00
1188.00,112464013292400000000000000000000000000.00,415732.83,0.00,0.00,562320066462002000000000000000000000000.00,1247198.49,243900.00,243900.00
1189.00,120336494222868000000000000000000000000.00,419474.43,0.00,0.00,601682471114342000000000000000000000000.00,1258423.28,244200.00,244200.00
1190.00,128760048818469000000000000000000000000.00,423249.70,0.00,0.00,643800244092346000000000000000000000000.00,1269749.09,244500.00,244500.00
1191.00,146786455653055000000000000000000000000.00,427058.94,0.00,0.00,733932278265274000000000000000000000000.00,1281176.83,244800.00,244800.00
1192.00,157061507548769000000000000000000000000.00,430902.47,0.00,0.00,785307537743843000000000000000000000000.00,1292707.42,245100.00,245100.00
1193.00,168055813077183000000000000000000000000.00,434780.60,0.00,0.00,840279065385913000000000000000000000000.00,1304341.79,245400.00,245400.00
1194.00,179819719992585000000000000000000000000.00,438693.62,0.00,0.00,899098599962927000000000000000000000000.00,1316080.87,245700.00,245700.00
1195.00,192407100392066000000000000000000000000.00,442641.86,0.00,0.00,962035501960331000000000000000000000000.00,1327925.59,246000.00,246000.00
1196.00,205875597419511000000000000000000000000.00,446625.64,0.00,0.00,1029377987097550000000000000000000000000.00,1339876.92,246300.00,246300.00
1197.00,220286889238877000000000000000000000000.00,450645.27,0.00,0.00,1101434446194380000000000000000000000000.00,1351935.82,246600.00,246600.00
1198.00,235706971485598000000000000000000000000.00,454701.08,0.00,0.00,1178534857427990000000000000000000000000.00,1364103.24,246900.00,246900.00
1199.00,252206459489590000000000000000000000000.00,458793.39,0.00,0.00,1261032297447950000000000000000000000000.00,1376380.17,247200.00,247200.00
1200.00,269860911653861000000000000000000000000.00,462922.53,0.00,0.00,2023956837403960000000000000000000000000.00,1388767.59,247500.00,247500.00