 스테이지|일반 몬스터 체력|일반 몬스터 공격력|일반 몬스터 외공 방어력|일반 몬스터 내공 방어력|보스 몬스터 체력|보스 몬스터 공격력|보스 몬스터 외공 방어력|보스 몬스터 내공 방어력
Stage|Monster_HP|Monster_Attack|Monster_ExtPowArmor|Monster_InnPowArmor|Boss_HP|Boss_Atk|Boss_ExtPowArmor|Boss_InnPowArmor
int|long|float|long|long|long|float|long|long
1|50.00|2.00|0.00|0.00|500.00|6.00|0.00|0.00
2|53.50|2.02|0.00|0.00|1003.50|6.05|0.00|0.00
3|57.25|2.04|0.00|0.00|1510.75|6.11|0.00|0.00
4|61.25|2.05|0.00|0.00|2022.00|6.16|0.00|0.00
5|65.54|2.07|0.00|0.00|2537.54|6.22|0.00|0.00
6|70.13|2.09|0.00|0.00|3057.66|6.27|0.00|0.00
7|75.04|2.11|0.00|0.00|3582.70|6.33|0.00|0.00
8|80.29|2.13|0.00|0.00|4112.99|6.39|0.00|0.00
9|85.91|2.15|0.00|0.00|4648.90|6.45|0.00|0.00
10|91.92|2.17|0.00|0.00|5190.82|6.50|0.00|0.00
11|98.36|2.19|0.00|0.00|5739.18|6.56|0.00|0.00
12|105.24|2.21|0.00|0.00|6294.42|6.62|0.00|0.00
13|112.61|2.23|0.00|0.00|6857.03|6.68|0.00|0.00
14|120.49|2.25|0.00|0.00|7427.52|6.74|0.00|0.00
15|128.93|2.27|0.00|0.00|8006.45|6.80|0.00|0.00
16|137.95|2.29|0.00|0.00|8594.40|6.86|0.00|0.00
17|147.61|2.31|0.00|0.00|9192.01|6.92|0.00|0.00
18|157.94|2.33|0.00|0.00|9799.95|6.99|0.00|0.00
19|169.00|2.35|0.00|0.00|10418.95|7.05|0.00|0.00
20|180.83|2.37|0.00|0.00|11049.77|7.11|0.00|0.00
21|193.48|2.39|0.00|0.00|11693.26|7.18|0.00|0.00
22|207.03|2.41|0.00|0.00|12350.29|7.24|0.00|0.00
23|221.52|2.44|0.00|0.00|13021.81|7.31|0.00|0.00
24|237.03|2.46|0.00|0.00|13708.83|7.37|0.00|0.00
25|253.62|2.48|0.00|0.00|16468.78|7.44|0.00|0.00
26|271.37|2.50|0.00|0.00|14430.21|7.51|0.00|0.00
27|290.37|2.52|0.00|0.00|15170.57|7.57|0.00|0.00
28|310.69|2.55|0.00|0.00|15931.27|7.64|0.00|0.00
29|332.44|2.57|0.00|0.00|16713.71|7.71|0.00|0.00
30|355.71|2.59|0.00|0.00|17519.42|7.78|0.00|0.00
31|380.61|2.62|0.00|0.00|18350.03|7.85|0.00|0.00
32|407.26|2.64|0.00|0.00|19207.29|7.92|0.00|0.00
33|435.76|2.66|0.00|0.00|20093.05|7.99|0.00|0.00
34|466.27|2.69|0.00|0.00|21009.32|8.06|0.00|0.00
35|498.91|2.71|0.00|0.00|21958.23|8.14|0.00|0.00
36|533.83|2.74|0.00|0.00|22942.05|8.21|0.00|0.00
37|571.20|2.76|0.00|0.00|23963.25|8.28|0.00|0.00
38|611.18|2.79|0.00|0.00|25024.43|8.36|0.00|0.00
39|653.96|2.81|0.00|0.00|26128.40|8.43|0.00|0.00
40|699.74|2.84|0.00|0.00|27278.14|8.51|0.00|0.00
41|748.72|2.86|0.00|0.00|28476.86|8.59|0.00|0.00
42|801.13|2.89|0.00|0.00|29727.99|8.66|0.00|0.00
43|857.21|2.91|0.00|0.00|31035.21|8.74|0.00|0.00
44|917.22|2.94|0.00|0.00|32402.42|8.82|0.00|0.00
45|981.42|2.97|0.00|0.00|33833.85|8.90|0.00|0.00
46|1050.12|2.99|0.00|0.00|35333.97|8.98|0.00|0.00
47|1123.63|3.02|0.00|0.00|36907.60|9.06|0.00|0.00
48|1202.29|3.05|0.00|0.00|38559.89|9.14|0.00|0.00
49|1286.45|3.07|0.00|0.00|40296.33|9.22|0.00|0.00
50|1376.50|3.10|0.00|0.00|48167.28|9.31|0.00|0.00
51|1569.21|3.13|0.00|0.00|42315.54|9.39|0.00|0.00
52|1679.05|3.16|0.00|0.00|44444.59|9.48|0.00|0.00
53|1796.58|3.19|0.00|0.00|46691.17|9.56|0.00|0.00
54|1922.34|3.22|0.00|0.00|49063.52|9.65|0.00|0.00
55|2056.91|3.24|0.00|0.00|51570.43|9.73|0.00|0.00
56|2200.89|3.27|0.00|0.00|54221.32|9.82|0.00|0.00
57|2354.96|3.30|0.00|0.00|57026.27|9.91|0.00|0.00
58|2519.80|3.33|0.00|0.00|59996.08|10.00|0.00|0.00
59|2696.19|3.36|0.00|0.00|63142.26|10.09|0.00|0.00
60|2884.92|3.39|0.00|0.00|66477.18|10.18|0.00|0.00
61|3086.87|3.42|0.00|0.00|70014.05|10.27|0.00|0.00
62|3302.95|3.45|0.00|0.00|73767.00|10.36|0.00|0.00
63|3534.15|3.49|0.00|0.00|77751.15|10.46|0.00|0.00
64|3781.54|3.52|0.00|0.00|81982.69|10.55|0.00|0.00
65|4046.25|3.55|0.00|0.00|86478.94|10.65|0.00|0.00
66|4329.49|3.58|0.00|0.00|91258.43|10.74|0.00|0.00
67|4632.55|3.61|0.00|0.00|96340.99|10.84|0.00|0.00
68|4956.83|3.65|0.00|0.00|101747.82|10.94|0.00|0.00
69|5303.81|3.68|0.00|0.00|107501.63|11.03|0.00|0.00
70|5675.08|3.71|0.00|0.00|113626.70|11.13|0.00|0.00
71|6072.33|3.74|0.00|0.00|120149.04|11.23|0.00|0.00
72|6497.40|3.78|0.00|0.00|127096.43|11.34|0.00|0.00
73|6952.21|3.81|0.00|0.00|134498.64|11.44|0.00|0.00
74|7438.87|3.85|0.00|0.00|142387.51|11.54|0.00|0.00
75|7959.59|3.88|0.00|0.00|200632.73|11.64|0.00|0.00
76|8516.76|3.92|0.00|0.00|151354.27|11.75|0.00|0.00
77|9112.93|3.95|0.00|0.00|160917.21|11.85|0.00|0.00
78|9750.84|3.99|0.00|0.00|171118.04|11.96|0.00|0.00
79|10433.40|4.02|0.00|0.00|182001.44|12.07|0.00|0.00
80|11163.73|4.06|0.00|0.00|193615.18|12.18|0.00|0.00
81|12726.66|4.10|0.00|0.00|206791.83|12.29|0.00|0.00
82|13617.52|4.13|0.00|0.00|220859.36|12.40|0.00|0.00
83|14570.75|4.17|0.00|0.00|235880.11|12.51|0.00|0.00
84|15590.70|4.21|0.00|0.00|251920.81|12.62|0.00|0.00
85|16682.05|4.25|0.00|0.00|269052.86|12.74|0.00|0.00
86|17849.80|4.28|0.00|0.00|287352.66|12.85|0.00|0.00
87|19099.28|4.32|0.00|0.00|306901.94|12.97|0.00|0.00
88|20436.23|4.36|0.00|0.00|327788.17|13.08|0.00|0.00
89|21866.77|4.40|0.00|0.00|350104.94|13.20|0.00|0.00
90|23397.44|4.44|0.00|0.00|373952.38|13.32|0.00|0.00
91|26673.08|4.48|0.00|0.00|401075.46|13.44|0.00|0.00
92|28540.20|4.52|0.00|0.00|430065.66|13.56|0.00|0.00
93|30538.01|4.56|0.00|0.00|461053.68|13.68|0.00|0.00
94|32675.67|4.60|0.00|0.00|494179.35|13.80|0.00|0.00
95|34962.97|4.64|0.00|0.00|529592.32|13.93|0.00|0.00
96|37410.38|4.68|0.00|0.00|567452.70|14.05|0.00|0.00
97|40029.11|4.73|0.00|0.00|607931.80|14.18|0.00|0.00
98|42831.14|4.77|0.00|0.00|651212.95|14.31|0.00|0.00
99|45829.32|4.81|0.00|0.00|697492.27|14.44|0.00|0.00
100|49037.38|4.86|0.00|0.00|991101.94|14.57|0.00|0.00
101|52469.99|4.90|0.00|0.00|750412.26|14.70|0.00|0.00
102|56142.89|4.94|0.00|0.00|807005.15|14.83|0.00|0.00
103|60072.89|4.99|0.00|0.00|867528.05|14.96|0.00|0.00
104|64278.00|5.03|0.00|0.00|932256.04|15.10|0.00|0.00
105|68777.46|5.08|0.00|0.00|1001483.50|15.23|0.00|0.00
106|73591.88|5.12|0.00|0.00|1075525.37|15.37|0.00|0.00
107|78743.31|5.17|0.00|0.00|1154718.68|15.51|0.00|0.00
108|84255.34|5.22|0.00|0.00|1239424.02|15.65|0.00|0.00
109|90153.21|5.26|0.00|0.00|1330027.24|15.79|0.00|0.00
110|96463.94|5.31|0.00|0.00|1426941.18|15.93|0.00|0.00
111|103216.41|5.36|0.00|0.00|1530607.59|16.08|0.00|0.00
112|110441.56|5.41|0.00|0.00|1641499.16|16.22|0.00|0.00
113|118172.47|5.46|0.00|0.00|1760121.63|16.37|0.00|0.00
114|126444.55|5.50|0.00|0.00|1887016.18|16.51|0.00|0.00
115|135295.66|5.55|0.00|0.00|2022761.84|16.66|0.00|0.00
116|144766.36|5.60|0.00|0.00|2167978.20|16.81|0.00|0.00
117|154900.01|5.65|0.00|0.00|2323328.21|16.96|0.00|0.00
118|165743.01|5.71|0.00|0.00|2489521.22|17.12|0.00|0.00
119|177345.02|5.76|0.00|0.00|2667316.23|17.27|0.00|0.00
120|189759.17|5.81|0.00|0.00|2857525.40|17.43|0.00|0.00
121|203042.31|5.86|0.00|0.00|3061017.71|17.58|0.00|0.00
122|217255.27|5.91|0.00|0.00|3278722.99|17.74|0.00|0.00
123|232463.14|5.97|0.00|0.00|3511636.13|17.90|0.00|0.00
124|248735.56|6.02|0.00|0.00|3760821.69|18.06|0.00|0.00
125|266147.05|6.07|0.00|0.00|4591541.99|18.22|0.00|0.00
126|284777.34|6.13|0.00|0.00|4046049.03|18.39|300.00|150.00
127|304711.76|6.18|0.00|0.00|4351210.79|18.55|600.00|300.00
128|326041.58|6.24|0.00|0.00|4677702.37|18.72|900.00|450.00
129|348864.49|6.30|0.00|0.00|5027016.87|18.89|1200.00|600.00
130|373285.01|6.35|0.00|0.00|5400751.87|19.06|1500.00|750.00
131|399414.96|6.41|0.00|0.00|5800616.83|19.23|1800.00|900.00
132|427374.00|6.47|0.00|0.00|6228440.84|19.40|2100.00|1050.00
133|457290.18|6.53|0.00|0.00|6686181.02|19.58|2400.00|1200.00
134|489300.50|6.58|0.00|0.00|7175931.52|19.75|2700.00|1350.00
135|523551.53|6.64|0.00|0.00|7699933.05|19.93|3000.00|1500.00
136|560200.14|6.70|0.00|0.00|8260583.19|20.11|3300.00|1650.00
137|599414.15|6.76|0.00|0.00|8860447.34|20.29|3600.00|1800.00
138|641373.14|6.83|0.00|0.00|9502270.48|20.48|3900.00|1950.00
139|686269.26|6.89|0.00|0.00|10188989.74|20.66|4200.00|2100.00
140|734308.11|6.95|0.00|0.00|10923747.85|20.85|4500.00|2250.00
141|785709.68|7.01|0.00|0.00|11709907.52|21.03|4800.00|2400.00
142|840709.35|7.07|0.00|0.00|12551066.88|21.22|5100.00|2550.00
143|899559.01|7.14|0.00|0.00|13451075.88|21.41|5400.00|2700.00
144|962528.14|7.20|0.00|0.00|14414054.02|21.61|5700.00|2850.00
145|1029905.11|7.27|0.00|0.00|15444409.13|21.80|6000.00|3000.00
146|1101998.47|7.33|0.00|0.00|16546857.59|22.00|6300.00|3150.00
147|1179138.36|7.40|0.00|0.00|17726445.95|22.20|6600.00|3300.00
148|1261678.04|7.47|0.00|0.00|18988573.99|22.40|6900.00|3450.00
149|1349995.51|7.53|0.00|0.00|20339019.50|22.60|7200.00|3600.00
150|1444495.19|7.60|0.00|0.00|24834817.62|22.80|7500.00|3750.00
151|1646724.52|7.67|0.00|0.00|21986194.02|23.01|4050.00|7650.00
152|1761995.23|7.74|0.00|0.00|23748639.25|23.21|4350.00|7800.00
153|1885334.90|7.81|0.00|0.00|25634424.15|23.42|4650.00|7950.00
154|2017308.34|7.88|0.00|0.00|27652182.50|23.63|4950.00|8100.00
155|2158519.93|7.95|0.00|0.00|29811152.42|23.84|5250.00|8250.00
156|2309616.32|8.02|0.00|0.00|32121218.75|24.06|5550.00|8400.00
157|2471289.47|8.09|0.00|0.00|34592958.21|24.28|5850.00|8550.00
158|2644279.73|8.16|0.00|0.00|37237687.94|24.49|6150.00|8700.00
159|2829379.31|8.24|0.00|0.00|40067517.25|24.71|6450.00|8850.00
160|3027435.86|8.31|0.00|0.00|43095403.11|24.94|6750.00|9000.00
161|3239356.37|8.39|0.00|0.00|46335209.48|25.16|7050.00|9150.00
162|3466111.32|8.46|0.00|0.00|49801770.80|25.39|7350.00|9300.00
163|3708739.11|8.54|0.00|0.00|53510959.90|25.62|7650.00|9450.00
164|3968350.85|8.62|0.00|0.00|57479760.75|25.85|7950.00|9600.00
165|4246135.41|8.69|0.00|0.00|61726346.16|26.08|8250.00|9750.00
166|4543364.88|8.77|0.00|0.00|66270161.04|26.31|8550.00|9900.00
167|4861400.43|8.85|0.00|0.00|71132011.47|26.55|8850.00|10050.00
168|5201698.46|8.93|0.00|0.00|76334159.92|26.79|9150.00|10200.00
169|5565817.35|9.01|0.00|0.00|81900427.27|27.03|9450.00|10350.00
170|5955424.56|9.09|0.00|0.00|87856301.83|27.27|9750.00|10500.00
171|6372304.28|9.17|0.00|0.00|94229056.11|27.52|10050.00|10650.00
172|6818365.58|9.26|0.00|0.00|101047871.69|27.77|10350.00|10800.00
173|7295651.17|9.34|0.00|0.00|108343972.86|28.02|10650.00|10950.00
174|7806346.75|9.42|0.00|0.00|116150769.62|28.27|10950.00|11100.00
175|8352791.03|9.51|0.00|0.00|165156780.01|28.52|11250.00|11250.00
176|8937486.40|9.59|0.00|0.00|125088706.02|28.78|11550.00|11550.00
177|9563110.45|9.68|0.00|0.00|134652266.46|29.04|11850.00|11850.00
178|10232528.18|9.77|0.00|0.00|144885244.64|29.30|12150.00|12150.00
179|10948805.15|9.86|0.00|0.00|155834499.79|29.57|12450.00|12450.00
180|11715221.51|9.94|0.00|0.00|167550171.30|29.83|12750.00|12750.00
181|13355352.52|10.03|0.00|0.00|180905973.82|30.10|13050.00|13050.00
182|14290227.20|10.12|0.00|0.00|195196651.02|30.37|13350.00|13350.00
183|15290543.10|10.21|0.00|0.00|210487644.12|30.64|13650.00|13650.00
184|16360881.12|10.31|0.00|0.00|226848975.24|30.92|13950.00|13950.00
185|17506142.80|10.40|0.00|0.00|244355568.03|31.20|14250.00|14250.00
186|18731572.79|10.49|0.00|0.00|263087590.83|31.48|14550.00|14550.00
187|20042782.89|10.59|0.00|0.00|283130823.71|31.76|14850.00|14850.00
188|21445777.69|10.68|0.00|0.00|304577051.40|32.05|15150.00|15150.00
189|22946982.13|10.78|0.00|0.00|327524483.53|32.34|15450.00|15450.00
190|24553270.88|10.88|0.00|0.00|352078204.41|32.63|15750.00|15750.00
191|27990728.80|10.97|0.00|0.00|380069383.21|32.92|16050.00|16050.00
192|29950079.82|11.07|0.00|0.00|410019913.03|33.22|16350.00|16350.00
193|32046585.40|11.17|0.00|0.00|442066948.43|33.52|16650.00|16650.00
194|34289846.38|11.27|0.00|0.00|476357244.82|33.82|16950.00|16950.00
195|36690135.63|11.37|0.00|0.00|513047830.44|34.12|17250.00|17250.00
196|39258445.12|11.48|0.00|0.00|552306725.57|34.43|17550.00|17550.00
197|42006536.28|11.58|0.00|0.00|594313711.85|34.74|17850.00|17850.00
198|44946993.82|11.68|0.00|0.00|639261155.67|35.05|18150.00|18150.00
199|48093283.39|11.79|0.00|0.00|687354889.06|35.37|18450.00|18450.00
200|51459813.23|11.90|0.00|0.00|979389363.46|35.69|18750.00|18750.00
201|60722579.61|12.00|0.00|0.00|748077918.67|36.01|18750.00|18750.00
202|64973160.18|12.11|0.00|0.00|813051528.84|36.33|18750.00|18750.00
203|69521281.39|12.22|0.00|0.00|882573260.24|36.66|18750.00|18750.00
204|74387771.09|12.33|0.00|0.00|956961481.33|36.99|18750.00|18750.00
205|79594915.07|12.44|0.00|0.00|1036556846.39|37.32|18750.00|18750.00
206|85166559.12|12.55|0.00|0.00|1121723855.51|37.66|18750.00|18750.00
207|91128218.26|12.67|0.00|0.00|1212852523.77|38.00|18750.00|18750.00
208|97507193.54|12.78|0.00|0.00|1310360167.31|38.34|18750.00|18750.00
209|104332697.08|12.89|0.00|0.00|1414693314.39|38.68|18750.00|18750.00
210|111635985.88|13.01|0.00|0.00|1526329750.27|39.03|18750.00|18750.00
211|119450504.89|13.13|0.00|0.00|1645780705.16|39.38|18750.00|18750.00
212|127812040.23|13.25|0.00|0.00|1773593195.39|39.74|18750.00|18750.00
213|136758883.05|13.36|0.00|0.00|1910352528.44|40.09|18750.00|18750.00
214|146332004.86|13.48|0.00|0.00|2056684983.31|40.45|18750.00|18750.00
215|156575245.20|13.61|0.00|0.00|2213260678.51|40.82|18750.00|18750.00
216|167535512.37|13.73|0.00|0.00|2380796640.88|41.19|18750.00|18750.00
217|179262998.23|13.85|0.00|0.00|2560060089.12|41.56|18750.00|18750.00
218|191811408.11|13.98|0.00|0.00|2751871947.23|41.93|18750.00|18750.00
219|205238206.68|14.10|0.00|0.00|2957110603.90|42.31|18750.00|18750.00
220|219604881.15|14.23|0.00|0.00|3176715935.05|42.69|18750.00|18750.00
221|234977222.83|14.36|0.00|0.00|3411693607.88|43.07|18750.00|18750.00
222|251425628.42|14.49|0.00|0.00|3663119686.30|43.46|18750.00|18750.00
223|269025422.41|14.62|0.00|0.00|3932145558.71|43.85|18750.00|18750.00
224|287857201.98|14.75|0.00|0.00|4220003210.70|44.25|18750.00|18750.00
225|308007206.12|14.88|0.00|0.00|5161011348.42|44.64|18750.00|18750.00
226|329567710.55|15.02|0.00|0.00|4549571371.25|45.05|19050.00|18900.00
227|352637450.29|15.15|0.00|0.00|4902209271.53|45.45|19350.00|19050.00
228|377322071.81|15.29|0.00|0.00|5279531793.34|45.86|19650.00|19200.00
229|403734616.84|15.42|0.00|0.00|5683266860.18|46.27|19950.00|19350.00
230|431996040.01|15.56|0.00|0.00|6115263350.19|46.69|20250.00|19500.00
231|462235762.81|15.70|0.00|0.00|6577499563.01|47.11|20550.00|19650.00
232|494592266.21|15.84|0.00|0.00|7072092279.22|47.53|20850.00|19800.00
233|529213724.85|15.99|0.00|0.00|7601306454.06|47.96|21150.00|19950.00
234|566258685.59|16.13|0.00|0.00|8167565589.65|48.39|21450.00|20100.00
235|605896793.58|16.28|0.00|0.00|8773462833.23|48.83|21750.00|20250.00
236|648309569.13|16.42|0.00|0.00|9421772852.35|49.27|22050.00|20400.00
237|693691238.97|16.57|0.00|0.00|10115464541.32|49.71|22350.00|20550.00
238|742249625.69|16.72|0.00|0.00|10857714617.01|50.16|22650.00|20700.00
239|794207099.49|16.87|0.00|0.00|11651922166.50|50.61|22950.00|20850.00
240|849801596.46|17.02|0.00|0.00|12501724212.96|51.07|23250.00|21000.00
241|909287708.21|17.18|0.00|0.00|13411012371.17|51.53|23550.00|21150.00
242|972937847.78|17.33|0.00|0.00|14383950668.95|51.99|23850.00|21300.00
243|1041043497.13|17.49|0.00|0.00|15424994616.08|52.46|24150.00|21450.00
244|1113916541.93|17.64|0.00|0.00|16538911608.01|52.93|24450.00|21600.00
245|1191890699.86|17.80|0.00|0.00|17730802757.87|53.41|24750.00|21750.00
246|1275323048.85|17.96|0.00|0.00|19006126256.72|53.89|25050.00|21900.00
247|1364595662.27|18.12|0.00|0.00|20370722368.99|54.37|25350.00|22050.00
248|1460117358.63|18.29|0.00|0.00|21830840177.62|54.86|25650.00|22200.00
249|1562325573.73|18.45|0.00|0.00|23393166201.36|55.36|25950.00|22350.00
250|1671688363.90|18.62|0.00|0.00|28573829945.45|55.85|26250.00|22500.00
251|1905724734.84|18.79|0.00|0.00|25298891386.20|56.36|22800.00|26400.00
252|2039125466.28|18.95|0.00|0.00|27338017302.48|56.86|23100.00|26550.00
253|2181864248.92|19.13|0.00|0.00|29519882001.40|57.38|23400.00|26700.00
254|2334594746.34|19.30|0.00|0.00|31854477197.74|57.89|23700.00|26850.00
255|2498016378.59|19.47|0.00|0.00|34352494026.33|58.41|24000.00|27000.00
256|2672877525.09|19.65|0.00|0.00|37025372001.42|58.94|24300.00|27150.00
257|2859978951.85|19.82|0.00|0.00|39885351403.27|59.47|24600.00|27300.00
258|3060177478.48|20.00|0.00|0.00|42945529331.74|60.00|24900.00|27450.00
259|3274389901.97|20.18|0.00|0.00|46219919683.71|60.54|25200.00|27600.00
260|3503597195.11|20.36|0.00|0.00|49723517328.81|61.09|25500.00|27750.00
261|3748848998.76|20.55|0.00|0.00|53472366777.58|61.64|25800.00|27900.00
262|4011268428.68|20.73|0.00|0.00|57483635656.26|62.19|26100.00|28050.00
263|4292057218.68|20.92|0.00|0.00|61775693324.94|62.75|26400.00|28200.00
264|4592501223.99|21.11|0.00|0.00|66368194998.93|63.32|26700.00|28350.00
265|4913976309.67|21.30|0.00|0.00|71282171758.60|63.89|27000.00|28500.00
266|5257954651.35|21.49|0.00|0.00|76540126859.95|64.46|27300.00|28650.00
267|5626011476.94|21.68|0.00|0.00|82166138786.90|65.04|27600.00|28800.00
268|6019832280.33|21.88|0.00|0.00|88185971517.22|65.63|27900.00|28950.00
269|6441220539.95|22.07|0.00|0.00|94627192507.18|66.22|28200.00|29100.00
270|6892105977.75|22.27|0.00|0.00|101519298934.93|66.82|28500.00|29250.00
271|7374553396.19|22.47|0.00|0.00|108893852781.12|67.42|28800.00|29400.00
272|7890772133.92|22.67|0.00|0.00|116784625365.04|68.02|29100.00|29550.00
273|8443126183.30|22.88|0.00|0.00|125227751998.34|68.64|29400.00|29700.00
274|9034145016.13|23.08|0.00|0.00|134261897464.47|69.25|29700.00|29850.00
275|9666535167.26|23.29|0.00|0.00|190920097194.30|69.88|30000.00|30000.00
276|10343192628.97|23.50|0.00|0.00|144605090543.44|70.51|30300.00|30300.00
277|11067216113.00|23.71|0.00|0.00|155672307106.43|71.14|30600.00|30600.00
278|11841921240.91|23.93|0.00|0.00|167514228797.34|71.78|30900.00|30900.00
279|12670855727.77|24.14|0.00|0.00|180185084975.11|72.43|31200.00|31200.00
280|13557815628.71|24.36|0.00|0.00|193742901053.82|73.08|31500.00|31500.00
281|15455909816.73|24.58|0.00|0.00|209198811320.55|73.74|31800.00|31800.00
282|16537823503.90|24.80|0.00|0.00|225736635274.46|74.40|32100.00|32100.00
283|17695471149.18|25.02|0.00|0.00|243432106873.63|75.07|32400.00|32400.00
284|18934154129.62|25.25|0.00|0.00|262366261453.25|75.74|32700.00|32700.00
285|20259544918.69|25.48|0.00|0.00|282625806821.94|76.43|33000.00|33000.00
286|21677713063.00|25.70|0.00|0.00|304303520334.94|77.11|33300.00|33300.00
287|23195152977.41|25.94|0.00|0.00|327498673762.35|77.81|33600.00|33600.00
288|24818813685.83|26.17|0.00|0.00|352317487898.18|78.51|33900.00|33900.00
289|26556130643.84|26.40|0.00|0.00|378873618992.02|79.21|34200.00|34200.00
290|28415059788.91|26.64|0.00|0.00|407288679230.93|79.93|34500.00|34500.00
291|32393168159.35|26.88|0.00|0.00|439681847840.28|80.65|34800.00|34800.00
292|34660689930.51|27.12|0.00|0.00|474342538220.79|81.37|35100.00|35100.00
293|37086938225.64|27.37|0.00|0.00|511429476896.43|82.11|35400.00|35400.00
294|39683023901.44|27.61|0.00|0.00|551112501247.87|82.84|35700.00|35700.00
295|42460835574.54|27.86|0.00|0.00|593573337272.41|83.59|36000.00|36000.00
296|45433094064.76|28.11|0.00|0.00|639006431787.16|84.34|36300.00|36300.00
297|48613410649.29|28.37|0.00|0.00|687619842886.45|85.10|36600.00|36600.00
298|52016349394.74|28.62|0.00|0.00|739636192731.19|85.87|36900.00|36900.00
299|55657493852.37|28.88|0.00|0.00|795293687033.56|86.64|37200.00|37200.00
300|59553518422.04|29.14|0.00|0.00|1133199996367.35|87.42|37500.00|37500.00
301|70273151738.00|29.40|0.00|0.00|865566839221.57|88.21|37500.00|37500.00
302|75192272359.66|29.67|0.00|0.00|940759112031.23|89.00|37500.00|37500.00
303|80455731424.84|29.93|0.00|0.00|1021214843906.07|89.80|37500.00|37500.00
304|86087632624.58|30.20|0.00|0.00|1107302476980.65|90.61|37500.00|37500.00
305|92113766908.30|30.48|0.00|0.00|1199416244338.95|91.43|37500.00|37500.00
306|98561730591.88|30.75|0.00|0.00|1297977975380.83|92.25|37500.00|37500.00
307|105461051733.31|31.03|0.00|0.00|1403439027564.15|93.08|37500.00|37500.00
308|112843325354.65|31.31|0.00|0.00|1516282353368.79|93.92|37500.00|37500.00
309|120742358129.47|31.59|0.00|0.00|1637024711948.26|94.76|37500.00|37500.00
310|129194323198.53|31.87|0.00|0.00|1766219035596.80|95.61|37500.00|37500.00
311|138237925822.43|32.16|0.00|0.00|1904456961869.23|96.47|37500.00|37500.00
312|147914580630.00|32.45|0.00|0.00|2052371542949.23|97.34|37500.00|37500.00
313|158268601274.10|32.74|0.00|0.00|2210640144673.33|98.22|37500.00|37500.00
314|169347403363.29|33.03|0.00|0.00|2379987548486.62|99.10|37500.00|37500.00
315|181201721598.72|33.33|0.00|0.00|2561189270535.33|99.99|37500.00|37500.00
316|193885842110.63|33.63|0.00|0.00|2755075113095.96|100.89|37500.00|37500.00
317|207457851058.37|33.93|0.00|0.00|2962532964604.33|101.80|37500.00|37500.00
318|221979900632.46|34.24|0.00|0.00|3184512865686.79|102.72|37500.00|37500.00
319|237518493676.73|34.55|0.00|0.00|3422031359813.52|103.64|37500.00|37500.00
320|254144788234.10|34.86|0.00|0.00|3676176148497.62|104.58|37500.00|37500.00
321|271934923410.49|35.17|0.00|0.00|3948111072358.11|105.52|37500.00|37500.00
322|290970368049.22|35.49|0.00|0.00|4239081440857.33|106.47|37500.00|37500.00
323|311338293812.67|35.81|0.00|0.00|4550419735120.00|107.43|37500.00|37500.00
324|333131974379.56|36.13|0.00|0.00|4883551709949.56|108.39|37500.00|37500.00
325|356451212586.12|36.46|0.00|0.00|5972535679478.11|109.37|37500.00|37500.00
326|381402797467.15|36.78|0.00|0.00|5264954507866.71|110.35|37800.00|37650.00
327|408100993289.85|37.12|0.00|0.00|5673055501606.56|111.35|38100.00|37800.00
328|436668062820.14|37.45|0.00|0.00|6109723564876.71|112.35|38400.00|37950.00
329|467234827217.55|37.79|0.00|0.00|6576958392544.26|113.36|38700.00|38100.00
330|499941265122.78|38.13|0.00|0.00|7076899658117.04|114.38|39000.00|38250.00
331|534937153681.38|38.47|0.00|0.00|7611836812248.42|115.41|39300.00|38400.00
332|572382754439.07|38.82|0.00|0.00|8184219567137.49|116.45|39600.00|38550.00
333|612449547249.81|39.16|0.00|0.00|8796669114837.30|117.49|39900.00|38700.00
334|655321015557.30|39.52|0.00|0.00|9451990130844.59|118.55|40200.00|38850.00
335|701193486646.31|39.87|0.00|0.00|10153183617940.90|119.62|40500.00|39000.00
336|750277030711.55|40.23|0.00|0.00|10903460649102.40|120.70|40800.00|39150.00
337|802796422861.36|40.59|0.00|0.00|11706257072413.80|121.78|41100.00|39300.00
338|858992172461.65|40.96|0.00|0.00|12565249245325.50|122.88|41400.00|39450.00
339|919121624533.97|41.33|0.00|0.00|13484370870309.40|123.98|41700.00|39600.00
340|983460138251.34|41.70|0.00|0.00|14467831009010.80|125.10|42000.00|39750.00
341|1052302347928.94|42.08|0.00|0.00|15520133357389.70|126.23|42300.00|39900.00
342|1125963512283.96|42.45|0.00|0.00|16646096870123.70|127.36|42600.00|40050.00
343|1204780958143.84|42.84|0.00|0.00|17850877828717.50|128.51|42900.00|40200.00
344|1289115625213.91|43.22|0.00|0.00|19139993454381.40|129.66|43200.00|40350.00
345|1379353718978.88|43.61|0.00|0.00|20519347173810.30|130.83|43500.00|40500.00
346|1475908479307.41|44.00|0.00|0.00|21995255653567.70|132.01|43800.00|40650.00
347|1579222072858.92|44.40|0.00|0.00|23574477726876.60|133.20|44100.00|40800.00
348|1689767617959.05|44.80|0.00|0.00|25264245345285.70|134.40|44400.00|40950.00
349|1808051351216.18|45.20|0.00|0.00|27072296696951.90|135.61|44700.00|41100.00
350|1934614945801.31|45.61|0.00|0.00|33067756147745.90|136.83|45000.00|41250.00
351|2205461038213.50|46.02|0.00|0.00|29277757735615.40|138.06|41550.00|45150.00
352|2359843310888.44|46.43|0.00|0.00|31637601046953.80|139.30|41850.00|45300.00
353|2525032342650.63|46.85|0.00|0.00|34162633390054.40|140.55|42150.00|45450.00
354|2701784606636.18|47.27|0.00|0.00|36864417997140.60|141.82|42450.00|45600.00
355|2890909529100.71|47.70|0.00|0.00|39755327526691.30|143.09|42750.00|45750.00
356|3093273196137.76|48.13|0.00|0.00|42848600723279.10|144.38|43050.00|45900.00
357|3309802319867.41|48.56|0.00|0.00|46158403043596.50|145.68|43350.00|46050.00
358|3541488482258.12|49.00|0.00|0.00|49699891526304.60|146.99|43650.00|46200.00
359|3789392676016.19|49.44|0.00|0.00|53489284202770.80|148.32|43950.00|46350.00
360|4054650163337.33|49.88|0.00|0.00|57543934366558.10|149.65|44250.00|46500.00
361|4338475674770.94|50.33|0.00|0.00|61882410041779.10|151.00|44550.00|46650.00
362|4642168972004.91|50.79|0.00|0.00|66524579014234.00|152.36|44850.00|46800.00
363|4967120800045.25|51.24|0.00|0.00|71491699814729.20|153.73|45150.00|46950.00
364|5314819256048.42|51.70|0.00|0.00|76806519071227.60|155.11|45450.00|47100.00
365|5686856603971.81|52.17|0.00|0.00|82493375675649.50|156.51|45750.00|47250.00
366|6084936566249.84|52.64|0.00|0.00|88578312242349.30|157.92|46050.00|47400.00
367|6510882125887.32|53.11|0.00|0.00|95089194368686.60|159.34|46350.00|47550.00
368|6966643874699.44|53.59|0.00|0.00|102055838243836.00|160.77|46650.00|47700.00
369|7454308945928.40|54.07|0.00|0.00|109510147190214.00|162.22|46950.00|47850.00
370|7976110572143.39|54.56|0.00|0.00|117486257762808.00|163.68|47250.00|48000.00
371|8534438312193.42|55.05|0.00|0.00|126020696075451.00|165.15|47550.00|48150.00
372|9131848994046.97|55.55|0.00|0.00|135152545069948.00|166.64|47850.00|48300.00
373|9771078423630.25|56.05|0.00|0.00|144923623494028.00|168.14|48150.00|48450.00
374|10455053913284.40|56.55|0.00|0.00|155378677407763.00|169.65|48450.00|48600.00
375|11186907687214.30|57.06|0.00|0.00|220948122188144.00|171.18|48750.00|48750.00
376|11969991225319.30|57.57|0.00|0.00|167348668633532.00|172.72|49050.00|49050.00
377|12807890611091.60|58.09|0.00|0.00|180156559245074.00|174.27|49350.00|49350.00
378|13704442953868.00|58.61|0.00|0.00|193861002199392.00|175.84|49650.00|49650.00
379|14663753960638.80|59.14|0.00|0.00|208524756160481.00|177.42|49950.00|49950.00
380|15690216737883.50|59.67|0.00|0.00|224214972898814.00|179.02|50250.00|50250.00
381|17886847081187.20|60.21|0.00|0.00|242101819980451.00|180.63|50550.00|50550.00
382|19138926376870.30|60.75|0.00|0.00|261240746357772.00|182.26|50850.00|50850.00
383|20478651223251.20|61.30|0.00|0.00|281719397581473.00|183.90|51150.00|51150.00
384|21912156808878.80|61.85|0.00|0.00|303631554390802.00|185.55|51450.00|51450.00
385|23446007785500.40|62.41|0.00|0.00|327077562176752.00|187.22|51750.00|51750.00
386|25087228330485.40|62.97|0.00|0.00|352164790507687.00|188.91|52050.00|52050.00
387|26843334313619.40|63.54|0.00|0.00|379008124821757.00|190.61|52350.00|52350.00
388|28722367715572.70|64.11|0.00|0.00|407730492537780.00|192.32|52650.00|52650.00
389|30732933455662.80|64.68|0.00|0.00|438463425993892.00|194.05|52950.00|52950.00
390|32884238797559.20|65.27|0.00|0.00|471347664791902.00|195.80|53250.00|53250.00
391|37488032229217.50|65.85|0.00|0.00|508835697021569.00|197.56|53550.00|53550.00
392|40112194485262.70|66.45|0.00|0.00|548947891507282.00|199.34|53850.00|53850.00
393|42920048099231.10|67.05|0.00|0.00|591867939606963.00|201.14|54150.00|54150.00
394|45924451466177.30|67.65|0.00|0.00|637792391073590.00|202.95|54450.00|54450.00
395|49139163068809.70|68.26|0.00|0.00|686931554142850.00|204.77|54750.00|54750.00
396|52578904483626.40|68.87|0.00|0.00|739510458626926.00|206.62|55050.00|55050.00
397|56259427797480.20|69.49|0.00|0.00|795769886424856.00|208.47|55350.00|55350.00
398|60197587743303.90|70.12|0.00|0.00|855967474168610.00|210.35|55650.00|55650.00
399|64411418885335.10|70.75|0.00|0.00|920378893054395.00|212.24|55950.00|55950.00
400|68920218207308.60|71.38|0.00|0.00|1311431723831190.00|214.15|56250.00|56250.00
401|73744633481820.20|72.03|0.00|0.00|994123526536666.00|216.08|56250.00|56250.00
402|78906757825547.60|72.68|0.00|0.00|1073030284362660.00|218.03|56250.00|56250.00
403|84430230873336.00|73.33|0.00|0.00|1157460515236450.00|219.99|56250.00|56250.00
404|90340347034469.50|73.99|0.00|0.00|1247800862271370.00|221.97|56250.00|56250.00
405|96664171326882.40|74.66|0.00|0.00|1344465033598700.00|223.97|56250.00|56250.00
406|103430663319764.00|75.33|0.00|0.00|1447895696918910.00|225.98|56250.00|56250.00
407|110670809752148.00|76.01|0.00|0.00|1558566506671510.00|228.02|56250.00|56250.00
408|118417766434798.00|76.69|0.00|0.00|1676984273106760.00|230.07|56250.00|56250.00
409|126707010085234.00|77.38|0.00|0.00|1803691283192440.00|232.14|56250.00|56250.00
410|135576500791200.00|78.08|0.00|0.00|1939267783984090.00|234.23|56250.00|56250.00
411|145066855846584.00|78.78|0.00|0.00|2084334639831130.00|236.34|56250.00|56250.00
412|155221535755845.00|79.49|0.00|0.00|2239556175587420.00|238.46|56250.00|56250.00
413|166087043258754.00|80.20|0.00|0.00|2405643218846630.00|240.61|56250.00|56250.00
414|177713136286867.00|80.92|0.00|0.00|2583356355133950.00|242.77|56250.00|56250.00
415|190153055826948.00|81.65|0.00|0.00|2773509410961340.00|244.96|56250.00|56250.00
416|203463769734834.00|82.39|0.00|0.00|2976973180696630.00|247.16|56250.00|56250.00
417|217706233616273.00|83.13|0.00|0.00|3194679414313350.00|249.39|56250.00|56250.00
418|232945669969412.00|83.88|0.00|0.00|3427625084283210.00|251.63|56250.00|56250.00
419|249251866867271.00|84.63|0.00|0.00|3676876951150930.00|253.90|56250.00|56250.00
420|266699497547979.00|85.39|0.00|0.00|3943576448699360.00|256.18|56250.00|56250.00
421|285368462376338.00|86.16|0.00|0.00|4228944911076150.00|258.49|56250.00|56250.00
422|305344254742682.00|86.94|0.00|0.00|4534289165819280.00|260.81|56250.00|56250.00
423|326718352574669.00|87.72|0.00|0.00|4861007518394400.00|263.16|56250.00|56250.00
424|349588637254896.00|88.51|0.00|0.00|5210596155649750.00|265.53|56250.00|56250.00
425|374059841862739.00|89.31|0.00|0.00|6366245420860400.00|267.92|56250.00|56250.00
426|400244030793131.00|90.11|0.00|0.00|5610840186443330.00|270.33|56550.00|56400.00
427|428261112948650.00|90.92|0.00|0.00|6039101299392430.00|272.76|56850.00|56550.00
428|458239390855056.00|91.74|0.00|0.00|6497340690247930.00|275.22|57150.00|56700.00
429|490316148214909.00|92.57|0.00|0.00|6987656838463290.00|277.70|57450.00|56850.00
430|524638278589953.00|93.40|0.00|0.00|7512295117053690.00|280.20|57750.00|57000.00
431|561362958091250.00|94.24|0.00|0.00|8073658075145390.00|282.72|58050.00|57150.00
432|600658365157637.00|95.09|0.00|0.00|8674316440303480.00|285.26|58350.00|57300.00
433|642704450718672.00|95.94|0.00|0.00|9317020891022600.00|287.83|58650.00|57450.00
434|687693762268979.00|96.81|0.00|0.00|10004714653292000.00|290.42|58950.00|57600.00
435|735832325627808.00|97.68|0.00|0.00|10740546978920300.00|293.03|59250.00|57750.00
436|787340588421754.00|98.56|0.00|0.00|11527887567342500.00|295.67|59550.00|57900.00
437|842454429611277.00|99.44|0.00|0.00|12370341996954200.00|298.33|59850.00|58050.00
438|901426239684067.00|100.34|0.00|0.00|13271768236638700.00|301.02|60150.00|58200.00
439|964526076461952.00|101.24|0.00|0.00|14236294313101100.00|303.73|60450.00|58350.00
440|1032042901814290.00|102.15|0.00|0.00|15268337214915900.00|306.46|60750.00|58500.00
441|1104285904941290.00|103.07|0.00|0.00|16372623119857600.00|309.22|61050.00|58650.00
442|1181585918287180.00|104.00|0.00|0.00|17554209038145200.00|312.00|61350.00|58800.00
443|1264296932567280.00|104.94|0.00|0.00|18818505970713000.00|314.81|61650.00|58950.00
444|1352797717846990.00|105.88|0.00|0.00|20171303688560400.00|317.64|61950.00|59100.00
445|1447493558096280.00|106.83|0.00|0.00|21618797246657100.00|320.50|62250.00|59250.00
446|1548818107163020.00|107.80|0.00|0.00|23167615353820600.00|323.39|62550.00|59400.00
447|1657235374664430.00|108.77|0.00|0.00|24824850728485500.00|326.30|62850.00|59550.00
448|1773241850890940.00|109.74|0.00|0.00|26598092579376900.00|329.23|63150.00|59700.00
449|1897368780453310.00|110.73|0.00|0.00|28495461359830700.00|332.20|63450.00|59850.00
450|2030184595085040.00|111.73|0.00|0.00|34799965158890700.00|335.19|63750.00|60000.00
451|2314410438396950.00|112.73|0.00|0.00|30809871798228000.00|338.20|60300.00|63900.00
452|2476419169084730.00|113.75|0.00|0.00|33286290967313200.00|341.25|60600.00|64050.00
453|2649768510920660.00|114.77|0.00|0.00|35936059478234300.00|344.32|60900.00|64200.00
454|2835252306685110.00|115.81|0.00|0.00|38771311784919900.00|347.42|61200.00|64350.00
455|3033719968153070.00|116.85|0.00|0.00|41805031753073400.00|350.54|61500.00|64500.00
456|3246080365923780.00|117.90|0.00|0.00|45051112118997700.00|353.70|61800.00|64650.00
457|3473305991538450.00|118.96|0.00|0.00|48524418110536500.00|356.88|62100.00|64800.00
458|3716437410946140.00|120.03|0.00|0.00|52240855521483100.00|360.09|62400.00|64950.00
459|3976588029712370.00|121.11|0.00|0.00|56217443551196000.00|363.33|62700.00|65100.00
460|4254949191792240.00|122.20|0.00|0.00|60472392742988600.00|366.60|63000.00|65250.00
461|4552795635217690.00|123.30|0.00|0.00|65025188378206800.00|369.90|63300.00|65400.00
462|4871491329682930.00|124.41|0.00|0.00|69896679707890200.00|373.23|63600.00|65550.00
463|5212495722760740.00|125.53|0.00|0.00|75109175430651400.00|376.59|63900.00|65700.00
464|5577370423353990.00|126.66|0.00|0.00|80686545854005800.00|379.98|64200.00|65850.00
465|5967786352988770.00|127.80|0.00|0.00|86654332206995000.00|383.40|64500.00|66000.00
466|6385531397697980.00|128.95|0.00|0.00|93039863604693400.00|386.85|64800.00|66150.00
467|6832518595536840.00|130.11|0.00|0.00|99872382200230700.00|390.33|65100.00|66300.00
468|7310794897224420.00|131.28|0.00|0.00|107183177097456000.00|393.85|65400.00|66450.00
469|7822550540030130.00|132.46|0.00|0.00|115005727637486000.00|397.39|65700.00|66600.00
470|8370129077832240.00|133.66|0.00|0.00|123375856715319000.00|400.97|66000.00|66750.00
471|8956038113280500.00|134.86|0.00|0.00|132331894828600000.00|404.58|66300.00|66900.00
472|9582960781210130.00|136.07|0.00|0.00|141914855609810000.00|408.22|66600.00|67050.00
473|10253768035894800.00|137.30|0.00|0.00|152168623645706000.00|411.89|66900.00|67200.00
474|10971531798407500.00|138.53|0.00|0.00|163140155444114000.00|415.60|67200.00|67350.00
475|11739539024296000.00|139.78|0.00|0.00|231978748873850000.00|419.34|67500.00|67500.00
476|12561306755996700.00|141.04|0.00|0.00|175701462200111000.00|423.11|67800.00|67800.00
477|13440598228916500.00|142.31|0.00|0.00|189142060429028000.00|426.92|68100.00|68100.00
478|14381440104940700.00|143.59|0.00|0.00|203523500533969000.00|430.76|68400.00|68400.00
479|15388140912286500.00|144.88|0.00|0.00|218911641446256000.00|434.64|68700.00|68700.00
480|16465310776146600.00|146.18|0.00|0.00|235376952222403000.00|438.55|69000.00|69000.00
481|18770454284807100.00|147.50|0.00|0.00|254147406507210000.00|442.50|69300.00|69300.00
482|20084386084743600.00|148.83|0.00|0.00|274231792591954000.00|446.48|69600.00|69600.00
483|21490293110675600.00|150.17|0.00|0.00|295722085702630000.00|450.50|69900.00|69900.00
484|22994613628422900.00|151.52|0.00|0.00|318716699331054000.00|454.55|70200.00|70200.00
485|24604236582412500.00|152.88|0.00|0.00|343320935913467000.00|458.64|70500.00|70500.00
486|26326533143181400.00|154.26|0.00|0.00|369647469056649000.00|462.77|70800.00|70800.00
487|28169390463204100.00|155.65|0.00|0.00|397816859519853000.00|466.94|71100.00|71100.00
488|30141247795628400.00|157.05|0.00|0.00|427958107315482000.00|471.14|71400.00|71400.00
489|32251135141322400.00|158.46|0.00|0.00|460209242456805000.00|475.38|71700.00|71700.00
490|34508714601215000.00|159.89|0.00|0.00|494717957058020000.00|479.66|72000.00|72000.00
491|39339934645385000.00|161.32|0.00|0.00|534057891703406000.00|483.97|72300.00|72300.00
492|42093730070562000.00|162.78|0.00|0.00|576151621773968000.00|488.33|72600.00|72600.00
493|45040291175501300.00|164.24|0.00|0.00|621191912949470000.00|492.73|72900.00|72900.00
494|48193111557786400.00|165.72|0.00|0.00|669385024507257000.00|497.16|73200.00|73200.00
495|51566629366831500.00|167.21|0.00|0.00|720951653874089000.00|501.63|73500.00|73500.00
496|55176293422509700.00|168.72|0.00|0.00|776127947296599000.00|506.15|73800.00|73800.00
497|59038633962085400.00|170.23|0.00|0.00|835166581258685000.00|510.70|74100.00|74100.00
498|63171338339431400.00|171.77|0.00|0.00|898337919598117000.00|515.30|74400.00|74400.00
499|67593332023191600.00|173.31|0.00|0.00|965931251621309000.00|519.94|74700.00|74700.00
500|72324865264815000.00|174.87|0.00|0.00|1376332054953580000.00|524.62|75000.00|75000.00
501|77387605833352000.00|176.45|0.00|0.00|1043318857454660000.00|529.34|75000.00|75000.00
502|82804738241686700.00|178.03|0.00|0.00|1126123595696350000.00|534.10|75000.00|75000.00
503|88601069918604700.00|179.64|0.00|0.00|1214724665614950000.00|538.91|75000.00|75000.00
504|94803144812907100.00|181.25|0.00|0.00|1309527810427860000.00|543.76|75000.00|75000.00
505|101439364949811000.00|182.88|0.00|0.00|1410967175377670000.00|548.65|75000.00|75000.00
506|108540120496297000.00|184.53|0.00|0.00|1519507295873970000.00|553.59|75000.00|75000.00
507|116137928931038000.00|186.19|0.00|0.00|1635645224805010000.00|558.57|75000.00|75000.00
508|124267583956211000.00|187.87|0.00|0.00|1759912808761220000.00|563.60|75000.00|75000.00
509|132966314833146000.00|189.56|0.00|0.00|1892879123594370000.00|568.67|75000.00|75000.00
510|142273956871466000.00|191.26|0.00|0.00|2035153080465830000.00|573.79|75000.00|75000.00
511|152233133852468000.00|192.99|0.00|0.00|2187386214318300000.00|578.96|75000.00|75000.00
512|162889453222141000.00|194.72|0.00|0.00|2350275667540440000.00|584.17|75000.00|75000.00
513|174291714947691000.00|196.47|0.00|0.00|2524567382488130000.00|589.42|75000.00|75000.00
514|186492134994029000.00|198.24|0.00|0.00|2711059517482160000.00|594.73|75000.00|75000.00
515|199546584443612000.00|200.03|0.00|0.00|2910606101925780000.00|600.08|75000.00|75000.00
516|213514845354664000.00|201.83|0.00|0.00|3124120947280440000.00|605.48|75000.00|75000.00
517|228460884529491000.00|203.64|0.00|0.00|3352581831809930000.00|610.93|75000.00|75000.00
518|244453146446555000.00|205.48|0.00|0.00|3597034978256490000.00|616.43|75000.00|75000.00
519|261564866697814000.00|207.33|0.00|0.00|3858599844954300000.00|621.98|75000.00|75000.00
520|279874407366661000.00|209.19|0.00|0.00|4138474252320960000.00|627.58|75000.00|75000.00
521|299465615882328000.00|211.07|0.00|0.00|4437939868203290000.00|633.22|75000.00|75000.00
522|320428208994090000.00|212.97|0.00|0.00|4758368077197380000.00|638.92|75000.00|75000.00
523|342858183623677000.00|214.89|0.00|0.00|5101226260821060000.00|644.67|75000.00|75000.00
524|366858256477334000.00|216.83|0.00|0.00|5468084517298390000.00|650.48|75000.00|75000.00
525|392538334430748000.00|218.78|0.00|0.00|6680835529323900000.00|656.33|75000.00|75000.00
526|420016017840900000.00|220.75|0.00|0.00|5888100535139290000.00|662.24|75300.00|75150.00
527|449417139089763000.00|222.73|0.00|0.00|6337517674229060000.00|668.20|75600.00|75300.00
528|480876338826047000.00|224.74|0.00|0.00|6818394013055110000.00|674.21|75900.00|75450.00
529|514537682543870000.00|226.76|0.00|0.00|7332931695598980000.00|680.28|76200.00|75600.00
530|550555320321941000.00|228.80|0.00|0.00|7883487015920920000.00|686.40|76500.00|75750.00
531|589094192744477000.00|230.86|0.00|0.00|8472581208665390000.00|692.58|76800.00|75900.00
532|630330786236590000.00|232.94|0.00|0.00|9102911994901980000.00|698.81|77100.00|76050.00
533|674453941273152000.00|235.03|0.00|0.00|9777365936175140000.00|705.10|77400.00|76200.00
534|721665717162272000.00|237.15|0.00|0.00|10499031653337400000.00|711.45|77700.00|76350.00
535|772182317363631000.00|239.28|0.00|0.00|11271213970701000000.00|717.85|78000.00|76500.00
536|826235079579086000.00|241.44|0.00|0.00|12097449050280100000.00|724.31|78300.00|76650.00
537|884071535149622000.00|243.61|0.00|0.00|12981520585429700000.00|730.83|78600.00|76800.00
538|945956542610095000.00|245.80|0.00|0.00|13927477128039800000.00|737.41|78900.00|76950.00
539|1012173500592800000.00|248.01|0.00|0.00|14939650628632600000.00|744.04|79200.00|77100.00
540|1083025645634300000.00|250.25|0.00|0.00|16022676274266900000.00|750.74|79500.00|77250.00
541|1158837440828700000.00|252.50|0.00|0.00|17181513715095600000.00|757.50|79800.00|77400.00
542|1239956061686710000.00|254.77|0.00|0.00|18421469776782400000.00|764.31|80100.00|77550.00
543|1326752986004780000.00|257.06|0.00|0.00|19748222762787100000.00|771.19|80400.00|77700.00
544|1419625695025110000.00|259.38|0.00|0.00|21167848457812200000.00|778.13|80700.00|77850.00
545|1518999493676870000.00|261.71|0.00|0.00|22686847951489100000.00|785.14|81000.00|78000.00
546|1625329458234250000.00|264.07|0.00|0.00|24312177409723400000.00|792.20|81300.00|78150.00
547|1739102520310650000.00|266.44|0.00|0.00|26051279930034000000.00|799.33|81600.00|78300.00
548|1860839696732390000.00|268.84|0.00|0.00|27912119626766400000.00|806.53|81900.00|78450.00
549|1991098475503660000.00|271.26|0.00|0.00|29903218102270100000.00|813.79|82200.00|78600.00
550|2130475368788920000.00|273.70|0.00|0.00|36519176186399500000.00|821.11|82500.00|78750.00
551|2428741920419370000.00|276.17|0.00|0.00|32331960022689400000.00|828.50|79050.00|82650.00
552|2598753854848720000.00|278.65|0.00|0.00|34930713877538200000.00|835.96|79350.00|82800.00
553|2780666624688130000.00|281.16|0.00|0.00|37711380502226300000.00|843.48|79650.00|82950.00
554|2975313288416300000.00|283.69|0.00|0.00|40686693790642600000.00|851.07|79950.00|83100.00
555|3183585218605440000.00|286.24|0.00|0.00|43870279009248100000.00|858.73|80250.00|83250.00
556|3406436183907830000.00|288.82|0.00|0.00|47276715193155900000.00|866.46|80550.00|83400.00
557|3644886716781370000.00|291.42|0.00|0.00|50921601909937300000.00|874.26|80850.00|83550.00
558|3900028786956070000.00|294.04|0.00|0.00|54821630696893300000.00|882.13|81150.00|83700.00
559|4173030802043000000.00|296.69|0.00|0.00|58994661498936300000.00|890.07|81450.00|83850.00
560|4465142958186010000.00|299.36|0.00|0.00|63459804457122300000.00|898.08|81750.00|84000.00
561|4777702965259030000.00|302.05|0.00|0.00|68237507422381400000.00|906.16|82050.00|84150.00
562|5112142172827160000.00|304.77|0.00|0.00|73349649595208500000.00|914.31|82350.00|84300.00
563|5469992124925060000.00|307.51|0.00|0.00|78819641720133600000.00|922.54|82650.00|84450.00
564|5852891573669810000.00|310.28|0.00|0.00|84672533293803400000.00|930.85|82950.00|84600.00
565|6262593983826700000.00|313.07|0.00|0.00|90935127277630100000.00|939.22|83250.00|84750.00
566|6700975562694570000.00|315.89|0.00|0.00|97636102840324700000.00|947.68|83550.00|84900.00
567|7170043852083190000.00|318.74|0.00|0.00|104806146692408000000.00|956.21|83850.00|85050.00
568|7671946921729020000.00|321.60|0.00|0.00|112478093614137000000.00|964.81|84150.00|85200.00
569|8208983206250050000.00|324.50|0.00|0.00|120687076820387000000.00|973.49|84450.00|85350.00
570|8783612030687550000.00|327.42|0.00|0.00|129470688851074000000.00|982.26|84750.00|85500.00
571|9398464872835680000.00|330.37|0.00|0.00|138869153723910000000.00|991.10|85050.00|85650.00
572|10056357413934200000.00|333.34|0.00|0.00|148925511137844000000.00|1000.02|85350.00|85800.00
573|10760302432909600000.00|336.34|0.00|0.00|159685813570754000000.00|1009.02|85650.00|85950.00
574|11513523603213200000.00|339.37|0.00|0.00|171199337173967000000.00|1018.10|85950.00|86100.00
575|12319470255438200000.00|342.42|0.00|0.00|243438575440294000000.00|1027.26|86250.00|86250.00
576|13181833173318800000.00|345.50|0.00|0.00|184381170347286000000.00|1036.51|86550.00|86550.00
577|14104561495451200000.00|348.61|0.00|0.00|198485731842737000000.00|1045.83|86850.00|86850.00
578|15091880800132700000.00|351.75|0.00|0.00|213577612642870000000.00|1055.25|87150.00|87150.00
579|16148312456142000000.00|354.91|0.00|0.00|229725925099012000000.00|1064.74|87450.00|87450.00
580|17278694328072000000.00|358.11|0.00|0.00|247004619427084000000.00|1074.33|87750.00|87750.00
581|19697711534002100000.00|361.33|0.00|0.00|266702330961086000000.00|1084.00|88050.00|88050.00
582|21076551341382200000.00|364.58|0.00|0.00|287778882302468000000.00|1093.75|88350.00|88350.00
583|22551909935279000000.00|367.87|0.00|0.00|310330792237747000000.00|1103.60|88650.00|88650.00
584|24130543630748500000.00|371.18|0.00|0.00|334461335868496000000.00|1113.53|88950.00|88950.00
585|25819681684900900000.00|374.52|0.00|0.00|360281017553397000000.00|1123.55|89250.00|89250.00
586|27627059402843900000.00|377.89|0.00|0.00|387908076956240000000.00|1133.66|89550.00|89550.00
587|29560953561043000000.00|381.29|0.00|0.00|417469030517284000000.00|1143.86|89850.00|89850.00
588|31630220310316000000.00|384.72|0.00|0.00|449099250827600000000.00|1154.16|90150.00|90150.00
589|33844335732038200000.00|388.18|0.00|0.00|482943586559638000000.00|1164.55|90450.00|90450.00
590|36213439233280800000.00|391.68|0.00|0.00|519157025792919000000.00|1175.03|90750.00|90750.00
591|41283320725940200000.00|395.20|0.00|0.00|560440346518859000000.00|1185.60|91050.00|91050.00
592|44173153176756000000.00|398.76|0.00|0.00|604613499695615000000.00|1196.27|91350.00|91350.00
593|47265273899128900000.00|402.35|0.00|0.00|651878773594744000000.00|1207.04|91650.00|91650.00
594|50573843072067900000.00|405.97|0.00|0.00|702452616666812000000.00|1217.90|91950.00|91950.00
595|54114012087112700000.00|409.62|0.00|0.00|756566628753924000000.00|1228.86|92250.00|92250.00
596|57901992933210600000.00|413.31|0.00|0.00|814468621687135000000.00|1239.92|92550.00|92550.00
597|61955132438535300000.00|417.03|0.00|0.00|876423754125670000000.00|1251.08|92850.00|92850.00
598|66291991709232800000.00|420.78|0.00|0.00|942715745834903000000.00|1262.34|93150.00|93150.00
599|70932431128879100000.00|424.57|0.00|0.00|1013648176963780000000.00|1273.70|93450.00|93450.00
600|75897701307900600000.00|428.39|0.00|0.00|1444322740209010000000.00|1285.17|93750.00|93750.00
601|89559287543322700000.00|432.24|0.00|0.00|1103207464507100000000.00|1296.73|93750.00|93750.00
602|95828437671355300000.00|436.13|0.00|0.00|1199035902178460000000.00|1308.40|93750.00|93750.00
603|102536428308350000000.00|440.06|0.00|0.00|1301572330486810000000.00|1320.18|93750.00|93750.00
604|109713978289935000000.00|444.02|0.00|0.00|1411286308776750000000.00|1332.06|93750.00|93750.00
605|117393956770230000000.00|448.02|0.00|0.00|1528680265546980000000.00|1344.05|93750.00|93750.00
606|125611533744146000000.00|452.05|0.00|0.00|1654291799291120000000.00|1356.15|93750.00|93750.00
607|134404341106236000000.00|456.12|0.00|0.00|1788696140397360000000.00|1368.35|93750.00|93750.00
608|143812644983673000000.00|460.22|0.00|0.00|1932508785381030000000.00|1380.67|93750.00|93750.00
609|153879530132530000000.00|464.36|0.00|0.00|2086388315513560000000.00|1393.09|93750.00|93750.00
610|164651097241807000000.00|468.54|0.00|0.00|2251039412755370000000.00|1405.63|93750.00|93750.00
611|176176674048734000000.00|472.76|0.00|0.00|2427216086804100000000.00|1418.28|93750.00|93750.00
612|188509041232145000000.00|477.02|0.00|0.00|2615725128036250000000.00|1431.05|93750.00|93750.00
613|201704674118395000000.00|481.31|0.00|0.00|2817429802154640000000.00|1443.93|93750.00|93750.00
614|215824001306683000000.00|485.64|0.00|0.00|3033253803461330000000.00|1456.92|93750.00|93750.00
615|230931681398151000000.00|490.01|0.00|0.00|3264185484859480000000.00|1470.03|93750.00|93750.00
616|247096899096021000000.00|494.42|0.00|0.00|3511282383955500000000.00|1483.26|93750.00|93750.00
617|264393682032743000000.00|498.87|0.00|0.00|3775676065988240000000.00|1496.61|93750.00|93750.00
618|282901239775035000000.00|503.36|0.00|0.00|4058577305763280000000.00|1510.08|93750.00|93750.00
619|302704326559287000000.00|507.89|0.00|0.00|4361281632322560000000.00|1523.67|93750.00|93750.00
620|323893629418438000000.00|512.46|0.00|0.00|4685175261741000000000.00|1537.39|93750.00|93750.00
621|346566183477728000000.00|517.07|0.00|0.00|5031741445218730000000.00|1551.22|93750.00|93750.00
622|370825816321169000000.00|521.73|0.00|0.00|5402567261539900000000.00|1565.18|93750.00|93750.00
623|396783623463651000000.00|526.42|0.00|0.00|5799350885003550000000.00|1579.27|93750.00|93750.00
624|424558477106107000000.00|531.16|0.00|0.00|6223909362109660000000.00|1593.48|93750.00|93750.00
625|454277570503534000000.00|535.94|0.00|0.00|7611773336929640000000.00|1607.83|93750.00|93750.00
626|486077000438782000000.00|540.77|0.00|0.00|6709986362548440000000.00|1622.30|94050.00|93900.00
627|520102390469496000000.00|545.63|0.00|0.00|7230088753017930000000.00|1636.90|94350.00|94050.00
628|556509557802361000000.00|550.54|0.00|0.00|7786598310820290000000.00|1651.63|94650.00|94200.00
629|595465226848526000000.00|555.50|0.00|0.00|8382063537668820000000.00|1666.49|94950.00|94350.00
630|637147792727923000000.00|560.50|0.00|0.00|9019211330396740000000.00|1681.49|95250.00|94500.00
631|681748138218878000000.00|565.54|0.00|0.00|9700959468615620000000.00|1696.63|95550.00|94650.00
632|729470507894199000000.00|570.63|0.00|0.00|10430429976509800000000.00|1711.90|95850.00|94800.00
633|780533443446793000000.00|575.77|0.00|0.00|11210963419956600000000.00|1727.30|96150.00|94950.00
634|835170784488069000000.00|580.95|0.00|0.00|12046134204444700000000.00|1742.85|96450.00|95100.00
635|893632739402234000000.00|586.18|0.00|0.00|12939766943846900000000.00|1758.53|96750.00|95250.00
636|956187031160390000000.00|591.45|0.00|0.00|13895953975007300000000.00|1774.36|97050.00|95400.00
637|1023120123341620000000.00|596.78|0.00|0.00|14919074098348900000000.00|1790.33|97350.00|95550.00
638|1094738531975530000000.00|602.15|0.00|0.00|16013812630324500000000.00|1806.44|97650.00|95700.00
639|1171370229213820000000.00|607.57|0.00|0.00|17185182859538300000000.00|1822.70|97950.00|95850.00
640|1253366145258790000000.00|613.03|0.00|0.00|18438549004797100000000.00|1839.10|98250.00|96000.00
641|1341101775426900000000.00|618.55|0.00|0.00|19779650780224000000000.00|1855.66|98550.00|96150.00
642|1434978899706780000000.00|624.12|0.00|0.00|21214629679930700000000.00|1872.36|98850.00|96300.00
643|1535427422686260000000.00|629.74|0.00|0.00|22750057102617000000000.00|1889.21|99150.00|96450.00
644|1642907342274300000000.00|635.40|0.00|0.00|24392964444891300000000.00|1906.21|99450.00|96600.00
645|1757910856233500000000.00|641.12|0.00|0.00|26150875301124800000000.00|1923.37|99750.00|96750.00
646|1880964616169840000000.00|646.89|0.00|0.00|28031839917294600000000.00|1940.68|100050.00|96900.00
647|2012632139301730000000.00|652.71|0.00|0.00|30044472056596400000000.00|1958.14|100350.00|97050.00
648|2153516389052850000000.00|658.59|0.00|0.00|32197988445649200000000.00|1975.77|100650.00|97200.00
649|2304262536286550000000.00|664.52|0.00|0.00|34502250981935800000000.00|1993.55|100950.00|97350.00
650|2465560913826610000000.00|670.50|0.00|0.00|42143149543052800000000.00|2011.49|101250.00|97500.00
651|2810739441762340000000.00|676.53|0.00|0.00|37312990423698100000000.00|2029.59|97800.00|101400.00
652|3007491202685700000000.00|682.62|0.00|0.00|40320481626383800000000.00|2047.86|98100.00|101550.00
653|3218015586873700000000.00|688.76|0.00|0.00|43538497213257500000000.00|2066.29|98400.00|101700.00
654|3443276677954860000000.00|694.96|0.00|0.00|46981773891212400000000.00|2084.89|98700.00|101850.00
655|3684306045411700000000.00|701.22|0.00|0.00|50666079936624100000000.00|2103.65|99000.00|102000.00
656|3942207468590520000000.00|707.53|0.00|0.00|54608287405214600000000.00|2122.59|99300.00|102150.00
657|4218161991391860000000.00|713.90|0.00|0.00|58826449396606500000000.00|2141.69|99600.00|102300.00
658|4513433330789290000000.00|720.32|0.00|0.00|63339882727395700000000.00|2160.96|99900.00|102450.00
659|4829373663944540000000.00|726.80|0.00|0.00|68169256391340300000000.00|2180.41|100200.00|102600.00
660|5167429820420650000000.00|733.35|0.00|0.00|73336686211760900000000.00|2200.04|100500.00|102750.00
661|5529149907850100000000.00|739.95|0.00|0.00|78865836119611000000000.00|2219.84|100800.00|102900.00
662|5916190401399610000000.00|746.60|0.00|0.00|84782026521010600000000.00|2239.81|101100.00|103050.00
663|6330323729497580000000.00|753.32|0.00|0.00|91112350250508200000000.00|2259.97|101400.00|103200.00
664|6773446390562410000000.00|760.10|0.00|0.00|97885796641070600000000.00|2280.31|101700.00|103350.00
665|7247587637901780000000.00|766.95|0.00|0.00|105133384278972000000000.00|2300.84|102000.00|103500.00
666|7754918772554910000000.00|773.85|0.00|0.00|112888303051527000000000.00|2321.54|102300.00|103650.00
667|8297763086633750000000.00|780.81|0.00|0.00|121186066138161000000000.00|2342.44|102600.00|103800.00
668|8878606502698110000000.00|787.84|0.00|0.00|130064672640859000000000.00|2363.52|102900.00|103950.00
669|9500108957886980000000.00|794.93|0.00|0.00|139564781598746000000000.00|2384.79|103200.00|104100.00
670|10165116584939100000000.00|802.08|0.00|0.00|149729898183685000000000.00|2406.25|103500.00|104250.00
671|10876674745884800000000.00|809.30|0.00|0.00|160606572929570000000000.00|2427.91|103800.00|104400.00
672|11638041978096700000000.00|816.59|0.00|0.00|172244614907667000000000.00|2449.76|104100.00|104550.00
673|12452704916563500000000.00|823.94|0.00|0.00|184697319824230000000000.00|2471.81|104400.00|104700.00
674|13324394260723000000000.00|831.35|0.00|0.00|198021714084953000000000.00|2494.06|104700.00|104850.00
675|14257101858973600000000.00|838.83|0.00|0.00|281586415873660000000000.00|2516.50|105000.00|105000.00
676|15255098989101700000000.00|846.38|0.00|0.00|213276813074055000000000.00|2539.15|105300.00|105300.00
677|16322955918338800000000.00|854.00|0.00|0.00|229599768992394000000000.00|2562.00|105600.00|105600.00
678|17465562832622600000000.00|861.69|0.00|0.00|247065331825016000000000.00|2585.06|105900.00|105900.00
679|18688152230906100000000.00|869.44|0.00|0.00|265753484055922000000000.00|2608.33|106200.00|106200.00
680|19996322887069600000000.00|877.27|0.00|0.00|285749806942992000000000.00|2631.80|106500.00|106500.00
681|22795808091259300000000.00|885.16|0.00|0.00|308545615034251000000000.00|2655.49|106800.00|106800.00
682|24391514657647500000000.00|893.13|0.00|0.00|332937129691899000000000.00|2679.39|107100.00|107100.00
683|26098920683682800000000.00|901.17|0.00|0.00|359036050375582000000000.00|2703.50|107400.00|107400.00
684|27925845131540600000000.00|909.28|0.00|0.00|386961895507122000000000.00|2727.83|107700.00|107700.00
685|29880654290748400000000.00|917.46|0.00|0.00|416842549797871000000000.00|2752.38|108000.00|108000.00
686|31972300091100800000000.00|925.72|0.00|0.00|448814849888971000000000.00|2777.16|108300.00|108300.00
687|34210361097477900000000.00|934.05|0.00|0.00|483025210986449000000000.00|2802.15|108600.00|108600.00
688|36605086374301300000000.00|942.46|0.00|0.00|519630297360751000000000.00|2827.37|108900.00|108900.00
689|39167442420502400000000.00|950.94|0.00|0.00|558797739781253000000000.00|2852.82|109200.00|109200.00
690|41909163389937600000000.00|959.50|0.00|0.00|600706903171191000000000.00|2878.49|109500.00|109500.00
691|47776446264528900000000.00|968.13|0.00|0.00|648483349435720000000000.00|2904.40|109800.00|109800.00
692|51120797503045900000000.00|976.85|0.00|0.00|699604146938766000000000.00|2930.54|110100.00|110100.00
693|54699253328259100000000.00|985.64|0.00|0.00|754303400267025000000000.00|2956.91|110400.00|110400.00
694|58528201061237200000000.00|994.51|0.00|0.00|812831601328262000000000.00|2983.52|110700.00|110700.00
695|62625175135523900000000.00|1003.46|0.00|0.00|875456776463786000000000.00|3010.38|111000.00|111000.00
696|67008937395010500000000.00|1012.49|0.00|0.00|942465713858796000000000.00|3037.47|111300.00|111300.00
697|71699563012661300000000.00|1021.60|0.00|0.00|1014165276871460000000000.00|3064.81|111600.00|111600.00
698|76718532423547600000000.00|1030.80|0.00|0.00|1090883809295010000000000.00|3092.39|111900.00|111900.00
699|82088829693195900000000.00|1040.07|0.00|0.00|1172972638988200000000000.00|3120.22|112200.00|112200.00
700|87835047771719600000000.00|1049.43|0.00|0.00|1671348110405790000000000.00|3148.30|112500.00|112500.00
701|103645356370629000000000.00|1058.88|0.00|0.00|1276617995358830000000000.00|3176.64|112500.00|112500.00
702|110900531316573000000000.00|1068.41|0.00|0.00|1387518526675400000000000.00|3205.23|112500.00|112500.00
703|118663568508733000000000.00|1078.02|0.00|0.00|1506182095184140000000000.00|3234.07|112500.00|112500.00
704|126970018304345000000000.00|1087.73|0.00|0.00|1633152113488480000000000.00|3263.18|112500.00|112500.00
705|135857919585649000000000.00|1097.52|0.00|0.00|1769010033074130000000000.00|3292.55|112500.00|112500.00
706|145367973956644000000000.00|1107.39|0.00|0.00|1914378007030770000000000.00|3322.18|112500.00|112500.00
707|155543732133609000000000.00|1117.36|0.00|0.00|2069921739164380000000000.00|3352.08|112500.00|112500.00
708|166431793382962000000000.00|1127.42|0.00|0.00|2236353532547350000000000.00|3382.25|112500.00|112500.00
709|178082018919769000000000.00|1137.56|0.00|0.00|2414435551467110000000000.00|3412.69|112500.00|112500.00
710|190547760244153000000000.00|1147.80|0.00|0.00|2604983311711270000000000.00|3443.41|112500.00|112500.00
711|203886103461244000000000.00|1158.13|0.00|0.00|2808869415172510000000000.00|3474.40|112500.00|112500.00
712|218158130703531000000000.00|1168.56|0.00|0.00|3027027545876040000000000.00|3505.67|112500.00|112500.00
713|233429199852778000000000.00|1179.07|0.00|0.00|3260456745728820000000000.00|3537.22|112500.00|112500.00
714|249769243842473000000000.00|1189.68|0.00|0.00|3510225989571290000000000.00|3569.05|112500.00|112500.00
715|267253090911446000000000.00|1200.39|0.00|0.00|3777479080482740000000000.00|3601.17|112500.00|112500.00
716|285960807275247000000000.00|1211.19|0.00|0.00|4063439887757990000000000.00|3633.58|112500.00|112500.00
717|305978063784514000000000.00|1222.10|0.00|0.00|4369417951542500000000000.00|3666.29|112500.00|112500.00
718|327396528249430000000000.00|1233.09|0.00|0.00|4696814479791930000000000.00|3699.28|112500.00|112500.00
719|350314285226891000000000.00|1244.19|0.00|0.00|5047128765018820000000000.00|3732.58|112500.00|112500.00
720|374836285192773000000000.00|1255.39|0.00|0.00|5421965050211590000000000.00|3766.17|112500.00|112500.00
721|401074825156267000000000.00|1266.69|0.00|0.00|5823039875367860000000000.00|3800.06|112500.00|112500.00
722|429150062917206000000000.00|1278.09|0.00|0.00|6252189938285070000000000.00|3834.26|112500.00|112500.00
723|459190567321410000000000.00|1289.59|0.00|0.00|6711380505606480000000000.00|3868.77|112500.00|112500.00
724|491333907033909000000000.00|1301.20|0.00|0.00|7202714412640390000000000.00|3903.59|112500.00|112500.00
725|525727280526283000000000.00|1312.91|0.00|0.00|8808848855062730000000000.00|3938.72|112500.00|112500.00
726|562528190163123000000000.00|1324.72|0.00|0.00|7765242602803510000000000.00|3974.17|112800.00|112650.00
727|601905163474541000000000.00|1336.65|0.00|0.00|8367147766278050000000000.00|4009.94|113100.00|112800.00
728|644038524917759000000000.00|1348.68|0.00|0.00|9011186291195810000000000.00|4046.03|113400.00|112950.00
729|689121221662002000000000.00|1360.81|0.00|0.00|9700307512857810000000000.00|4082.44|113700.00|113100.00
730|737359707178342000000000.00|1373.06|0.00|0.00|10437667220036200000000000.00|4119.19|114000.00|113250.00
731|788974886680826000000000.00|1385.42|0.00|0.00|11226642106717000000000000.00|4156.26|114300.00|113400.00
732|844203128748484000000000.00|1397.89|0.00|0.00|12070845235465500000000000.00|4193.67|114600.00|113550.00
733|903297347760878000000000.00|1410.47|0.00|0.00|12974142583226300000000000.00|4231.41|114900.00|113700.00
734|966528162104140000000000.00|1423.16|0.00|0.00|13940670745330500000000000.00|4269.49|115200.00|113850.00
735|1034185133451430000000000.00|1435.97|0.00|0.00|14974855878781900000000000.00|4307.92|115500.00|114000.00
736|1106578092793030000000000.00|1448.90|0.00|0.00|16081433971574900000000000.00|4346.69|115800.00|114150.00
737|1184038559288540000000000.00|1461.94|0.00|0.00|17265472530863500000000000.00|4385.81|116100.00|114300.00
738|1266921258438740000000000.00|1475.09|0.00|0.00|18532393789302200000000000.00|4425.28|116400.00|114450.00
739|1355605746529450000000000.00|1488.37|0.00|0.00|19887999535831700000000000.00|4465.11|116700.00|114600.00
740|1450498148786510000000000.00|1501.76|0.00|0.00|21338497684618200000000000.00|4505.29|117000.00|114750.00
741|1552033019201570000000000.00|1515.28|0.00|0.00|22890530703819800000000000.00|4545.84|117300.00|114900.00
742|1660675330545680000000000.00|1528.92|0.00|0.00|24551206034365400000000000.00|4586.75|117600.00|115050.00
743|1776922603683880000000000.00|1542.68|0.00|0.00|26328128638049300000000000.00|4628.03|117900.00|115200.00
744|1901307185941750000000000.00|1556.56|0.00|0.00|28229435823991100000000000.00|4669.69|118200.00|115350.00
745|2034398688957670000000000.00|1570.57|0.00|0.00|30263834512948700000000000.00|4711.71|118500.00|115500.00
746|2176806597184710000000000.00|1584.71|0.00|0.00|32440641110133400000000000.00|4754.12|118800.00|115650.00
747|2329183058987640000000000.00|1598.97|0.00|0.00|34769824169121100000000000.00|4796.91|119100.00|115800.00
748|2492225873116770000000000.00|1613.36|0.00|0.00|37262050042237900000000000.00|4840.08|119400.00|115950.00
749|2666681684234950000000000.00|1627.88|0.00|0.00|39928731726472800000000000.00|4883.64|119700.00|116100.00
750|2853349402131390000000000.00|1642.53|0.00|0.00|48771390887575100000000000.00|4927.59|120000.00|116250.00
751|3252818318429790000000000.00|1657.31|0.00|0.00|43181550044902600000000000.00|4971.94|116550.00|120150.00
752|3480515600719870000000000.00|1672.23|0.00|0.00|46662065645622500000000000.00|5016.69|116850.00|120300.00
753|3724151692770270000000000.00|1687.28|0.00|0.00|50386217338392700000000000.00|5061.84|117150.00|120450.00
754|3984842311264180000000000.00|1702.46|0.00|0.00|54371059649656900000000000.00|5107.39|117450.00|120600.00
755|4263781273052680000000000.00|1717.79|0.00|0.00|58634840922709600000000000.00|5153.36|117750.00|120750.00
756|4562245962166360000000000.00|1733.25|0.00|0.00|63197086884875900000000000.00|5199.74|118050.00|120900.00
757|4881603179518010000000000.00|1748.85|0.00|0.00|68078690064394000000000000.00|5246.54|118350.00|121050.00
758|5223315402084270000000000.00|1764.59|0.00|0.00|73302005466478200000000000.00|5293.76|118650.00|121200.00
759|5588947480230170000000000.00|1780.47|0.00|0.00|78890952946708400000000000.00|5341.40|118950.00|121350.00
760|5980173803846280000000000.00|1796.49|0.00|0.00|84871126750554700000000000.00|5389.47|119250.00|121500.00
761|6398785970115520000000000.00|1812.66|0.00|0.00|91269912720670200000000000.00|5437.98|119550.00|121650.00
762|6846700988023610000000000.00|1828.97|0.00|0.00|98116613708693800000000000.00|5486.92|119850.00|121800.00
763|7325970057185270000000000.00|1845.43|0.00|0.00|105442583765879000000000000.00|5536.30|120150.00|121950.00
764|7838787961188230000000000.00|1862.04|0.00|0.00|113281371727067000000000000.00|5586.13|120450.00|122100.00
765|8387503118471410000000000.00|1878.80|0.00|0.00|121668874845539000000000000.00|5636.41|120750.00|122250.00
766|8974628336764410000000000.00|1895.71|0.00|0.00|130643503182303000000000000.00|5687.13|121050.00|122400.00
767|9602852320337920000000000.00|1912.77|0.00|0.00|140246355502641000000000000.00|5738.32|121350.00|122550.00
768|10275051982761600000000000.00|1929.99|0.00|0.00|150521407485403000000000000.00|5789.96|121650.00|122700.00
769|10994305621554900000000000.00|1947.36|0.00|0.00|161515713106958000000000000.00|5842.07|121950.00|122850.00
770|11763907015063700000000000.00|1964.88|0.00|0.00|173279620122021000000000000.00|5894.65|122250.00|123000.00
771|12587380506118200000000000.00|1982.57|0.00|0.00|185867000628139000000000000.00|5947.70|122550.00|123150.00
772|13468497141546500000000000.00|2000.41|0.00|0.00|199335497769686000000000000.00|6001.23|122850.00|123300.00
773|14411291941454700000000000.00|2018.41|0.00|0.00|213746789711141000000000000.00|6055.24|123150.00|123450.00
774|15420082377356600000000000.00|2036.58|0.00|0.00|229166872088497000000000000.00|6109.74|123450.00|123600.00
775|16499488143771500000000000.00|2054.91|0.00|0.00|325874765463243000000000000.00|6164.73|123750.00|123750.00
776|17654452313835500000000000.00|2073.40|0.00|0.00|246821324402333000000000000.00|6220.21|124050.00|124050.00
777|18890263975804000000000000.00|2092.06|0.00|0.00|265711588378137000000000000.00|6276.19|124350.00|124350.00
778|20212582454110300000000000.00|2110.89|0.00|0.00|285924170832247000000000000.00|6332.68|124650.00|124650.00
779|21627463225898000000000000.00|2129.89|0.00|0.00|307551634058145000000000000.00|6389.67|124950.00|124950.00
780|23141385651710900000000000.00|2149.06|0.00|0.00|330693019709856000000000000.00|6447.18|125250.00|125250.00
781|26381179642950400000000000.00|2168.40|0.00|0.00|357074199352806000000000000.00|6505.20|125550.00|125550.00
782|28227862217956900000000000.00|2187.92|0.00|0.00|385302061570763000000000000.00|6563.75|125850.00|125850.00
783|30203812573213900000000000.00|2207.61|0.00|0.00|415505874143977000000000000.00|6622.82|126150.00|126150.00
784|32318079453338900000000000.00|2227.48|0.00|0.00|447823953597316000000000000.00|6682.43|126450.00|126450.00
785|34580345015072600000000000.00|2247.52|0.00|0.00|482404298612388000000000000.00|6742.57|126750.00|126750.00
786|37000969166127700000000000.00|2267.75|0.00|0.00|519405267778516000000000000.00|6803.25|127050.00|127050.00
787|39591037007756600000000000.00|2288.16|0.00|0.00|558996304786273000000000000.00|6864.48|127350.00|127350.00
788|42362409598299600000000000.00|2308.75|0.00|0.00|601358714384572000000000000.00|6926.26|127650.00|127650.00
789|45327778270180600000000000.00|2329.53|0.00|0.00|646686492654753000000000000.00|6988.60|127950.00|127950.00
790|48500722749093200000000000.00|2350.50|0.00|0.00|695187215403846000000000000.00|7051.50|128250.00|128250.00
791|55290823933966200000000000.00|2371.65|0.00|0.00|750478039337812000000000000.00|7114.96|128550.00|128550.00
792|59161181609343900000000000.00|2393.00|0.00|0.00|809639220947156000000000000.00|7179.00|128850.00|128850.00
793|63302464321998000000000000.00|2414.54|0.00|0.00|872941685269154000000000000.00|7243.61|129150.00|129150.00
794|67733636824537800000000000.00|2436.27|0.00|0.00|940675322093692000000000000.00|7308.80|129450.00|129450.00
795|72474991402255500000000000.00|2458.19|0.00|0.00|1013150313495950000000000000.00|7374.58|129750.00|129750.00
796|77548240800413400000000000.00|2480.32|0.00|0.00|1090698554296360000000000000.00|7440.95|130050.00|130050.00
797|82976617656442300000000000.00|2502.64|0.00|0.00|1173675171952800000000000000.00|7507.92|130350.00|130350.00
798|88784980892393300000000000.00|2525.16|0.00|0.00|1262460152845200000000000000.00|7575.49|130650.00|130650.00
799|94999929554860800000000000.00|2547.89|0.00|0.00|1357460082400060000000000000.00|7643.67|130950.00|130950.00
800|101649924623701000000000000.00|2570.82|0.00|0.00|1934221035863780000000000000.00|7712.46|131250.00|131250.00
801|108765419347360000000000000.00|2593.96|0.00|0.00|1466225501747420000000000000.00|7781.87|131250.00|131250.00
802|116378998701675000000000000.00|2617.30|0.00|0.00|1582604500449090000000000000.00|7851.91|131250.00|131250.00
803|124525528610793000000000000.00|2640.86|0.00|0.00|1707130029059890000000000000.00|7922.58|131250.00|131250.00
804|133242315613548000000000000.00|2664.63|0.00|0.00|1840372344673430000000000000.00|7993.88|131250.00|131250.00
805|142569277706497000000000000.00|2688.61|0.00|0.00|1982941622379930000000000000.00|8065.83|131250.00|131250.00
806|152549127145951000000000000.00|2712.81|0.00|0.00|2135490749525880000000000000.00|8138.42|131250.00|131250.00
807|163227566046168000000000000.00|2737.22|0.00|0.00|2298718315572050000000000000.00|8211.67|131250.00|131250.00
808|174653495669400000000000000.00|2761.86|0.00|0.00|2473371811241450000000000000.00|8285.57|131250.00|131250.00
809|186879240366258000000000000.00|2786.71|0.00|0.00|2660251051607710000000000000.00|8360.14|131250.00|131250.00
810|199960787191896000000000000.00|2811.79|0.00|0.00|2860211838799600000000000000.00|8435.38|131250.00|131250.00
811|213958042295328000000000000.00|2837.10|0.00|0.00|3074169881094930000000000000.00|8511.30|131250.00|131250.00
812|228935105256001000000000000.00|2862.63|0.00|0.00|3303104986350930000000000000.00|8587.90|131250.00|131250.00
813|244960562623921000000000000.00|2888.40|0.00|0.00|3548065548974850000000000000.00|8665.19|131250.00|131250.00
814|262107802007596000000000000.00|2914.39|0.00|0.00|3810173350982450000000000000.00|8743.18|131250.00|131250.00
815|280455348148128000000000000.00|2940.62|0.00|0.00|4090628699130580000000000000.00|8821.87|131250.00|131250.00
816|300087222518497000000000000.00|2967.09|0.00|0.00|4390715921649070000000000000.00|8901.27|131250.00|131250.00
817|321093328094791000000000000.00|2993.79|0.00|0.00|4711809249743860000000000000.00|8981.38|131250.00|131250.00
818|343569861061427000000000000.00|3020.74|0.00|0.00|5055379110805290000000000000.00|9062.21|131250.00|131250.00
819|367619751335727000000000000.00|3047.92|0.00|0.00|5422998862141020000000000000.00|9143.77|131250.00|131250.00
820|393353133929228000000000000.00|3075.35|0.00|0.00|5816351996070250000000000000.00|9226.06|131250.00|131250.00
821|420887853304274000000000000.00|3103.03|0.00|0.00|6237239849374520000000000000.00|9309.10|131250.00|131250.00
822|450350003035573000000000000.00|3130.96|0.00|0.00|6687589852410090000000000000.00|9392.88|131250.00|131250.00
823|481874503248063000000000000.00|3159.14|0.00|0.00|7169464355658160000000000000.00|9477.41|131250.00|131250.00
824|515605718475427000000000000.00|3187.57|0.00|0.00|7685070074133580000000000000.00|9562.71|131250.00|131250.00
825|551698118768707000000000000.00|3216.26|0.00|0.00|9389528704022330000000000000.00|9648.78|131250.00|131250.00
826|590316987082517000000000000.00|3245.21|0.00|0.00|8275387061216100000000000000.00|9735.62|131550.00|131400.00
827|631639176178293000000000000.00|3274.41|0.00|0.00|8907026237394390000000000000.00|9823.24|131850.00|131550.00
828|675853918510774000000000000.00|3303.88|0.00|0.00|9582880155905170000000000000.00|9911.64|132150.00|131700.00
829|723163692806528000000000000.00|3333.62|0.00|0.00|10306043848711700000000000000.00|10000.85|132450.00|131850.00
830|773785151302985000000000000.00|3363.62|0.00|0.00|11079829000014700000000000000.00|10090.86|132750.00|132000.00
831|827950111894194000000000000.00|3393.89|0.00|0.00|11907779111908900000000000000.00|10181.67|133050.00|132150.00
832|885906619726788000000000000.00|3424.44|0.00|0.00|12793685731635700000000000000.00|10273.31|133350.00|132300.00
833|947920083107663000000000000.00|3455.26|0.00|0.00|13741605814743300000000000000.00|10365.77|133650.00|132450.00
834|1014274488925200000000000000.00|3486.35|0.00|0.00|14755880303668500000000000000.00|10459.06|133950.00|132600.00
835|1085273703149960000000000000.00|3517.73|0.00|0.00|15841154006818500000000000000.00|10553.19|134250.00|132750.00
836|1161242862370460000000000000.00|3549.39|0.00|0.00|17002396869189000000000000000.00|10648.17|134550.00|132900.00
837|1242529862736390000000000000.00|3581.34|0.00|0.00|18244926731925300000000000000.00|10744.01|134850.00|133050.00
838|1329506953127940000000000000.00|3613.57|0.00|0.00|19574433685053300000000000000.00|10840.70|135150.00|133200.00
839|1422572439846900000000000000.00|3646.09|0.00|0.00|20997006124900200000000000000.00|10938.27|135450.00|133350.00
840|1522152510636180000000000000.00|3678.90|0.00|0.00|22519158635536400000000000000.00|11036.71|135750.00|133500.00
841|1628703186380710000000000000.00|3712.01|0.00|0.00|24147861821917100000000000000.00|11136.04|136050.00|133650.00
842|1742712409427360000000000000.00|3745.42|0.00|0.00|25890574231344400000000000000.00|11236.27|136350.00|133800.00
843|1864702278087280000000000000.00|3779.13|0.00|0.00|27755276509431700000000000000.00|11337.39|136650.00|133950.00
844|1995231437553390000000000000.00|3813.14|0.00|0.00|29750507946985100000000000000.00|11439.43|136950.00|134100.00
845|2134897638182120000000000000.00|3847.46|0.00|0.00|31885405585167200000000000000.00|11542.38|137250.00|134250.00
846|2284340472854870000000000000.00|3882.09|0.00|0.00|34169746058022100000000000000.00|11646.27|137550.00|134400.00
847|2444244305954710000000000000.00|3917.03|0.00|0.00|36613990363976800000000000000.00|11751.08|137850.00|134550.00
848|2615341407371540000000000000.00|3952.28|0.00|0.00|39229331771348400000000000000.00|11856.84|138150.00|134700.00
849|2798415305887550000000000000.00|3987.85|0.00|0.00|42027747077235900000000000000.00|11963.55|138450.00|134850.00
850|2994304377299680000000000000.00|4023.74|0.00|0.00|51326213516121000000000000000.00|12071.23|138750.00|135000.00
851|3413506990121640000000000000.00|4059.96|0.00|0.00|45441254067357500000000000000.00|12179.87|135300.00|138900.00
852|3652452479430150000000000000.00|4096.50|0.00|0.00|49093706546787700000000000000.00|12289.49|135600.00|139050.00
853|3908124152990260000000000000.00|4133.36|0.00|0.00|53001830699778000000000000000.00|12400.09|135900.00|139200.00
854|4181692843699580000000000000.00|4170.56|0.00|0.00|57183523543477500000000000000.00|12511.69|136200.00|139350.00
855|4474411342758550000000000000.00|4208.10|0.00|0.00|61657934886236100000000000000.00|12624.30|136500.00|139500.00
856|4787620136751650000000000000.00|4245.97|0.00|0.00|66445555022987700000000000000.00|12737.92|136800.00|139650.00
857|5122753546324270000000000000.00|4284.19|0.00|0.00|71568308569312000000000000000.00|12852.56|137100.00|139800.00
858|5481346294566970000000000000.00|4322.74|0.00|0.00|77049654863879000000000000000.00|12968.23|137400.00|139950.00
859|5865040535186650000000000000.00|4361.65|0.00|0.00|82914695399065600000000000000.00|13084.94|137700.00|140100.00
860|6275593372649720000000000000.00|4400.90|0.00|0.00|89190288771715400000000000000.00|13202.71|138000.00|140250.00
861|6714884908735200000000000000.00|4440.51|0.00|0.00|95905173680450600000000000000.00|13321.53|138300.00|140400.00
862|7184926852346670000000000000.00|4480.48|0.00|0.00|103090100532797000000000000000.00|13441.43|138600.00|140550.00
863|7687871732010930000000000000.00|4520.80|0.00|0.00|110777972264808000000000000000.00|13562.40|138900.00|140700.00
864|8226022753251700000000000000.00|4561.49|0.00|0.00|119003995018060000000000000000.00|13684.46|139200.00|140850.00
865|8801844345979320000000000000.00|4602.54|0.00|0.00|127805839364039000000000000000.00|13807.62|139500.00|141000.00
866|9417973450197870000000000000.00|4643.96|0.00|0.00|137223812814237000000000000000.00|13931.89|139800.00|141150.00
867|10077231591711700000000000000.00|4685.76|0.00|0.00|147301044405949000000000000000.00|14057.28|140100.00|141300.00
868|10782637803131500000000000000.00|4727.93|0.00|0.00|158083682209080000000000000000.00|14183.79|140400.00|141450.00
869|11537422449350800000000000000.00|4770.48|0.00|0.00|169621104658431000000000000000.00|14311.45|140700.00|141600.00
870|12345042020805300000000000000.00|4813.42|0.00|0.00|181966146679236000000000000000.00|14440.25|141000.00|141750.00
871|13209194962261700000000000000.00|4856.74|0.00|0.00|195175341641498000000000000000.00|14570.21|141300.00|141900.00
872|14133838609620000000000000000.00|4900.45|0.00|0.00|209309180251118000000000000000.00|14701.34|141600.00|142050.00
873|15123207312293400000000000000.00|4944.55|0.00|0.00|224432387563411000000000000000.00|14833.66|141900.00|142200.00
874|16181831824153900000000000000.00|4989.05|0.00|0.00|240614219387565000000000000000.00|14967.16|142200.00|142350.00
875|17314560051844700000000000000.00|5033.95|0.00|0.00|342143756225058000000000000000.00|15101.86|142500.00|142500.00
876|18526579255473800000000000000.00|5079.26|0.00|0.00|259140798643039000000000000000.00|15237.78|142800.00|142800.00
877|19823439803357000000000000000.00|5124.97|0.00|0.00|278964238446396000000000000000.00|15374.92|143100.00|143100.00
878|21211080589592000000000000000.00|5171.10|0.00|0.00|300175319035988000000000000000.00|15513.29|143400.00|143400.00
879|22695856230863500000000000000.00|5217.64|0.00|0.00|322871175266852000000000000000.00|15652.91|143700.00|143700.00
880|24284566167023900000000000000.00|5264.60|0.00|0.00|347155741433876000000000000000.00|15793.79|144000.00|144000.00
881|27684405430407200000000000000.00|5311.98|0.00|0.00|374840146864283000000000000000.00|15935.93|144300.00|144300.00
882|29622313810535800000000000000.00|5359.79|0.00|0.00|404462460674819000000000000000.00|16079.36|144600.00|144600.00
883|31695875777273300000000000000.00|5408.02|0.00|0.00|436158336452092000000000000000.00|16224.07|144900.00|144900.00
884|33914587081682400000000000000.00|5456.70|0.00|0.00|470072923533774000000000000000.00|16370.09|145200.00|145200.00
885|36288608177400200000000000000.00|5505.81|0.00|0.00|506361531711174000000000000000.00|16517.42|145500.00|145500.00
886|38828810749818200000000000000.00|5555.36|0.00|0.00|545190342460993000000000000000.00|16666.08|145800.00|145800.00
887|41546827502305400000000000000.00|5605.36|0.00|0.00|586737169963298000000000000000.00|16816.07|146100.00|146100.00
888|44455105427466800000000000000.00|5655.81|0.00|0.00|631192275390765000000000000000.00|16967.42|146400.00|146400.00
889|47566962807389500000000000000.00|5706.71|0.00|0.00|678759238198154000000000000000.00|17120.12|146700.00|146700.00
890|50896650203906800000000000000.00|5758.07|0.00|0.00|729655888402061000000000000000.00|17274.20|147000.00|147000.00
891|58022181232453700000000000000.00|5809.89|0.00|0.00|787678069634515000000000000000.00|17429.67|147300.00|147300.00
892|62083733918725500000000000000.00|5862.18|0.00|0.00|849761803553240000000000000000.00|17586.54|147600.00|147600.00
893|66429595293036300000000000000.00|5914.94|0.00|0.00|916191398846277000000000000000.00|17744.82|147900.00|147900.00
894|71079666963548800000000000000.00|5968.17|0.00|0.00|987271065809826000000000000000.00|17904.52|148200.00|148200.00
895|76055243650997200000000000000.00|6021.89|0.00|0.00|1063326309460820000000000000000.00|18065.66|148500.00|148500.00
896|81379110706567100000000000000.00|6076.08|0.00|0.00|1144705420167390000000000000000.00|18228.25|148800.00|148800.00
897|87075648456026800000000000000.00|6130.77|0.00|0.00|1231781068623420000000000000000.00|18392.31|149100.00|149100.00
898|93170943847948600000000000000.00|6185.95|0.00|0.00|1324952012471370000000000000000.00|18557.84|149400.00|149400.00
899|99692909917305000000000000000.00|6241.62|0.00|0.00|1424644922388670000000000000000.00|18724.86|149700.00|149700.00
900|106671413611516000000000000000.00|6297.79|0.00|0.00|2029942058836220000000000000000.00|18893.38|150000.00|150000.00
901|114138412564323000000000000000.00|6354.47|0.00|0.00|1538783334952990000000000000000.00|19063.42|150000.00|150000.00
902|122128101443825000000000000000.00|6411.66|0.00|0.00|1660911436396820000000000000000.00|19234.99|150000.00|150000.00
903|130677068544893000000000000000.00|6469.37|0.00|0.00|1791588504941710000000000000000.00|19408.11|150000.00|150000.00
904|139824463343035000000000000000.00|6527.59|0.00|0.00|1931412968284750000000000000000.00|19582.78|150000.00|150000.00
905|149612175777048000000000000000.00|6586.34|0.00|0.00|2081025144061790000000000000000.00|19759.03|150000.00|150000.00
906|160085028081441000000000000000.00|6645.62|0.00|0.00|2241110172143240000000000000000.00|19936.86|150000.00|150000.00
907|171290980047142000000000000000.00|6705.43|0.00|0.00|2412401152190380000000000000000.00|20116.29|150000.00|150000.00
908|183281348650442000000000000000.00|6765.78|0.00|0.00|2595682500840820000000000000000.00|20297.34|150000.00|150000.00
909|196111043055973000000000000000.00|6826.67|0.00|0.00|2791793543896790000000000000000.00|20480.01|150000.00|150000.00
910|209838816069891000000000000000.00|6888.11|0.00|0.00|3001632359966680000000000000000.00|20664.33|150000.00|150000.00
911|224527533194784000000000000000.00|6950.10|0.00|0.00|3226159893161470000000000000000.00|20850.31|150000.00|150000.00
912|240244460518419000000000000000.00|7012.65|0.00|0.00|3466404353679890000000000000000.00|21037.96|150000.00|150000.00
913|257061572754708000000000000000.00|7075.77|0.00|0.00|3723465926434590000000000000000.00|21227.30|150000.00|150000.00
914|275055882847537000000000000000.00|7139.45|0.00|0.00|3998521809282130000000000000000.00|21418.35|150000.00|150000.00
915|294309794646865000000000000000.00|7203.71|0.00|0.00|4292831603929000000000000000000.00|21611.12|150000.00|150000.00
916|314911480272146000000000000000.00|7268.54|0.00|0.00|4607743084201140000000000000000.00|21805.62|150000.00|150000.00
917|336955283891196000000000000000.00|7333.96|0.00|0.00|4944698368092340000000000000000.00|22001.87|150000.00|150000.00
918|360542153763580000000000000000.00|7399.96|0.00|0.00|5305240521855920000000000000000.00|22199.88|150000.00|150000.00
919|385780104527030000000000000000.00|7466.56|0.00|0.00|5691020626382950000000000000000.00|22399.68|150000.00|150000.00
920|412784711843922000000000000000.00|7533.76|0.00|0.00|6103805338226870000000000000000.00|22601.28|150000.00|150000.00
921|441679641672997000000000000000.00|7601.56|0.00|0.00|6545484979899870000000000000000.00|22804.69|150000.00|150000.00
922|472597216590107000000000000000.00|7669.98|0.00|0.00|7018082196489970000000000000000.00|23009.93|150000.00|150000.00
923|505679021751414000000000000000.00|7739.01|0.00|0.00|7523761218241390000000000000000.00|23217.02|150000.00|150000.00
924|541076553274013000000000000000.00|7808.66|0.00|0.00|8064837771515400000000000000000.00|23425.98|150000.00|150000.00
925|578951912003194000000000000000.00|7878.94|0.00|0.00|9853515349245910000000000000000.00|23636.81|150000.00|150000.00
926|619478545843418000000000000000.00|7949.85|0.00|0.00|8684316317358820000000000000000.00|23849.54|150300.00|150150.00
927|662842044052457000000000000000.00|8021.40|0.00|0.00|9347158361411280000000000000000.00|24064.19|150600.00|150300.00
928|709240987136129000000000000000.00|8093.59|0.00|0.00|10056399348547400000000000000000.00|24280.76|150900.00|150450.00
929|758887856235658000000000000000.00|8166.43|0.00|0.00|10815287204783100000000000000000.00|24499.29|151200.00|150600.00
930|812010006172154000000000000000.00|8239.93|0.00|0.00|11627297210955200000000000000000.00|24719.78|151500.00|150750.00
931|868850706604205000000000000000.00|8314.09|0.00|0.00|12496147917559400000000000000000.00|24942.26|151800.00|150900.00
932|929670256066500000000000000000.00|8388.91|0.00|0.00|13425818173625900000000000000000.00|25166.74|152100.00|151050.00
933|994747173991155000000000000000.00|8464.41|0.00|0.00|14420565347617100000000000000000.00|25393.24|152400.00|151200.00
934|1064379476170540000000000000000.00|8540.59|0.00|0.00|15484944823787600000000000000000.00|25621.78|152700.00|151350.00
935|1138886039502470000000000000000.00|8617.46|0.00|0.00|16623830863290100000000000000000.00|25852.38|153000.00|151500.00
936|1218608062267650000000000000000.00|8695.02|0.00|0.00|17842438925557700000000000000000.00|26085.05|153300.00|151650.00
937|1303910626626380000000000000000.00|8773.27|0.00|0.00|19146349552184100000000000000000.00|26319.82|153600.00|151800.00
938|1395184370490230000000000000000.00|8852.23|0.00|0.00|20541533922674300000000000000000.00|26556.69|153900.00|151950.00
939|1492847276424540000000000000000.00|8931.90|0.00|0.00|22034381199098900000000000000000.00|26795.70|154200.00|152100.00
940|1597346585774260000000000000000.00|9012.29|0.00|0.00|23631727784873200000000000000000.00|27036.87|154500.00|152250.00
941|1709160846778460000000000000000.00|9093.40|0.00|0.00|25340888631651600000000000000000.00|27280.20|154800.00|152400.00
942|1828802106052950000000000000000.00|9175.24|0.00|0.00|27169690737704600000000000000000.00|27525.72|155100.00|152550.00
943|1956818253476660000000000000000.00|9257.82|0.00|0.00|29126508991181200000000000000000.00|27773.45|155400.00|152700.00
944|2093795531220030000000000000000.00|9341.14|0.00|0.00|31220304522401300000000000000000.00|28023.41|155700.00|152850.00
945|2240361218405430000000000000000.00|9425.21|0.00|0.00|33460665740806700000000000000000.00|28275.62|156000.00|153000.00
946|2397186503693810000000000000000.00|9510.03|0.00|0.00|35857852244500500000000000000000.00|28530.10|156300.00|153150.00
947|2564989558952380000000000000000.00|9595.62|0.00|0.00|38422841803452900000000000000000.00|28786.87|156600.00|153300.00
948|2744538828079040000000000000000.00|9681.99|0.00|0.00|41167380631531900000000000000000.00|29045.96|156900.00|153450.00
949|2936656546044580000000000000000.00|9769.12|0.00|0.00|44104037177576500000000000000000.00|29307.37|157200.00|153600.00
950|3142222504267700000000000000000.00|9857.05|0.00|0.00|53861865258480600000000000000000.00|29571.14|157500.00|153750.00
951|3582133654865170000000000000000.00|9945.76|0.00|0.00|47686170832441700000000000000000.00|29837.28|154050.00|157650.00
952|3832883010705730000000000000000.00|10035.27|0.00|0.00|51519053843147400000000000000000.00|30105.81|154350.00|157800.00
953|4101184821455140000000000000000.00|10125.59|0.00|0.00|55620238664602500000000000000000.00|30376.76|154650.00|157950.00
954|4388267758957000000000000000000.00|10216.72|0.00|0.00|60008506423559500000000000000000.00|30650.15|154950.00|158100.00
955|4695446502083990000000000000000.00|10308.67|0.00|0.00|64703952925643500000000000000000.00|30926.01|155250.00|158250.00
956|5024127757229860000000000000000.00|10401.45|0.00|0.00|69728080682873400000000000000000.00|31204.34|155550.00|158400.00
957|5375816700235960000000000000000.00|10495.06|0.00|0.00|75103897383109300000000000000000.00|31485.18|155850.00|158550.00
958|5752123869252470000000000000000.00|10589.52|0.00|0.00|80856021252361800000000000000000.00|31768.55|156150.00|158700.00
959|6154772540100150000000000000000.00|10684.82|0.00|0.00|87010793792462000000000000000000.00|32054.46|156450.00|158850.00
960|6585606617907160000000000000000.00|10780.98|0.00|0.00|93596400410369100000000000000000.00|32342.95|156750.00|159000.00
961|7046599081160660000000000000000.00|10878.01|0.00|0.00|100642999491530000000000000000000.00|32634.04|157050.00|159150.00
962|7539861016841900000000000000000.00|10975.92|0.00|0.00|108182860508372000000000000000000.00|32927.75|157350.00|159300.00
963|8067651288020840000000000000000.00|11074.70|0.00|0.00|116250511796393000000000000000000.00|33224.10|157650.00|159450.00
964|8632386878182300000000000000000.00|11174.37|0.00|0.00|124882898674575000000000000000000.00|33523.11|157950.00|159600.00
965|9236653959655060000000000000000.00|11274.94|0.00|0.00|134119552634230000000000000000000.00|33824.82|158250.00|159750.00
966|9883219736830910000000000000000.00|11376.41|0.00|0.00|144002772371061000000000000000000.00|34129.24|158550.00|159900.00
967|10575045118409100000000000000000.00|11478.80|0.00|0.00|154577817489470000000000000000000.00|34436.41|158850.00|160050.00
968|11315298276697700000000000000000.00|11582.11|0.00|0.00|165893115766168000000000000000000.00|34746.33|159150.00|160200.00
969|12107369156066600000000000000000.00|11686.35|0.00|0.00|178000484922234000000000000000000.00|35059.05|159450.00|160350.00
970|12954884996991200000000000000000.00|11791.53|0.00|0.00|190955369919225000000000000000000.00|35374.58|159750.00|160500.00
971|13861726946780600000000000000000.00|11897.65|0.00|0.00|204817096866006000000000000000000.00|35692.95|160050.00|160650.00
972|14832047833055200000000000000000.00|12004.73|0.00|0.00|219649144699061000000000000000000.00|36014.19|160350.00|160800.00
973|15870291181369100000000000000000.00|12112.77|0.00|0.00|235519435880430000000000000000000.00|36338.32|160650.00|160950.00
974|16981211564065000000000000000000.00|12221.79|0.00|0.00|252500647444495000000000000000000.00|36665.36|160950.00|161100.00
975|18169896373549500000000000000000.00|12331.78|0.00|0.00|359045770423618000000000000000000.00|36995.35|161250.00|161250.00
976|19441789119698000000000000000000.00|12442.77|0.00|0.00|271942436564193000000000000000000.00|37328.31|161550.00|161550.00
977|20802714358076800000000000000000.00|12554.76|0.00|0.00|292745150922270000000000000000000.00|37664.27|161850.00|161850.00
978|22258904363142200000000000000000.00|12667.75|0.00|0.00|315004055285412000000000000000000.00|38003.24|162150.00|162150.00
979|23817027668562200000000000000000.00|12781.76|0.00|0.00|338821082953974000000000000000000.00|38345.27|162450.00|162450.00
980|25484219605361500000000000000000.00|12896.79|0.00|0.00|364305302559336000000000000000000.00|38690.38|162750.00|162750.00
981|29052010350112100000000000000000.00|13012.86|0.00|0.00|393357312909448000000000000000000.00|39038.59|163050.00|163050.00
982|31085651074620000000000000000000.00|13129.98|0.00|0.00|424442963984068000000000000000000.00|39389.94|163350.00|163350.00
983|33261646649843400000000000000000.00|13248.15|0.00|0.00|457704610633911000000000000000000.00|39744.45|163650.00|163650.00
984|35589961915332400000000000000000.00|13367.38|0.00|0.00|493294572549244000000000000000000.00|40102.15|163950.00|163950.00
985|38081259249405700000000000000000.00|13487.69|0.00|0.00|531375831798649000000000000000000.00|40463.07|164250.00|164250.00
986|40746947396864100000000000000000.00|13609.08|0.00|0.00|572122779195514000000000000000000.00|40827.24|164550.00|164550.00
987|43599233714644600000000000000000.00|13731.56|0.00|0.00|615722012910158000000000000000000.00|41194.68|164850.00|164850.00
988|46651180074669700000000000000000.00|13855.14|0.00|0.00|662373192984828000000000000000000.00|41565.43|165150.00|165150.00
989|49916762679896600000000000000000.00|13979.84|0.00|0.00|712289955664724000000000000000000.00|41939.52|165450.00|165450.00
990|53410936067489300000000000000000.00|14105.66|0.00|0.00|765700891732214000000000000000000.00|42316.98|165750.00|165750.00
991|60888467116937800000000000000000.00|14232.61|0.00|0.00|826589358849151000000000000000000.00|42697.83|166050.00|166050.00
992|65150659815123500000000000000000.00|14360.70|0.00|0.00|891740018664275000000000000000000.00|43082.11|166350.00|166350.00
993|69711206002182100000000000000000.00|14489.95|0.00|0.00|961451224666457000000000000000000.00|43469.85|166650.00|166650.00
994|74590990422334900000000000000000.00|14620.36|0.00|0.00|1036042215088790000000000000000000.00|43861.08|166950.00|166950.00
995|79812359751898400000000000000000.00|14751.94|0.00|0.00|1115854574840690000000000000000000.00|44255.83|167250.00|167250.00
996|85399224934531200000000000000000.00|14884.71|0.00|0.00|1201253799775220000000000000000000.00|44654.13|167550.00|167550.00
997|91377170679948400000000000000000.00|15018.67|0.00|0.00|1292630970455170000000000000000000.00|45056.02|167850.00|167850.00
998|97773572627544800000000000000000.00|15153.84|0.00|0.00|1390404543082720000000000000000000.00|45461.52|168150.00|168150.00
999|104617722711473000000000000000000.00|15290.23|0.00|0.00|1495022265794190000000000000000000.00|45870.68|168450.00|168450.00
1000|111940963301276000000000000000000.00|15427.84|0.00|0.00|2130221022123430000000000000000000.00|46283.51|168750.00|168750.00
1001|132090336695506000000000000000000.00|15566.69|0.00|0.00|1627112602489690000000000000000000.00|46700.07|168750.00|168750.00
1002|141336660264191000000000000000000.00|15706.79|0.00|0.00|1768449262753890000000000000000000.00|47120.37|168750.00|168750.00
1003|151230226482685000000000000000000.00|15848.15|0.00|0.00|1919679489236570000000000000000000.00|47544.45|168750.00|168750.00
1004|161816342336473000000000000000000.00|15990.78|0.00|0.00|2081495831573040000000000000000000.00|47972.35|168750.00|168750.00
1005|173143486300026000000000000000000.00|16134.70|0.00|0.00|2254639317873070000000000000000000.00|48404.10|168750.00|168750.00
1006|185263530341027000000000000000000.00|16279.91|0.00|0.00|2439902848214090000000000000000000.00|48839.74|168750.00|168750.00
1007|198231977464899000000000000000000.00|16426.43|0.00|0.00|2638134825678990000000000000000000.00|49279.29|168750.00|168750.00
1008|212108215887442000000000000000000.00|16574.27|0.00|0.00|2850243041566440000000000000000000.00|49722.81|168750.00|168750.00
1009|226955790999563000000000000000000.00|16723.44|0.00|0.00|3077198832566000000000000000000000.00|50170.31|168750.00|168750.00
1010|242842696369533000000000000000000.00|16873.95|0.00|0.00|3320041528935530000000000000000000.00|50621.85|168750.00|168750.00
1011|259841685115400000000000000000000.00|17025.81|0.00|0.00|3579883214050930000000000000000000.00|51077.44|168750.00|168750.00
1012|278030603073478000000000000000000.00|17179.05|0.00|0.00|3857913817124410000000000000000000.00|51537.14|168750.00|168750.00
1013|297492745288622000000000000000000.00|17333.66|0.00|0.00|4155406562413030000000000000000000.00|52000.97|168750.00|168750.00
1014|318317237458825000000000000000000.00|17489.66|0.00|0.00|4473723799871860000000000000000000.00|52468.98|168750.00|168750.00
1015|340599444080943000000000000000000.00|17647.07|0.00|0.00|4814323243952800000000000000000000.00|52941.20|168750.00|168750.00
1016|364441405166609000000000000000000.00|17805.89|0.00|0.00|5178764649119410000000000000000000.00|53417.67|168750.00|168750.00
1017|389952303528272000000000000000000.00|17966.14|0.00|0.00|5568716952647680000000000000000000.00|53898.43|168750.00|168750.00
1018|417248964775251000000000000000000.00|18127.84|0.00|0.00|5985965917422930000000000000000000.00|54383.52|168750.00|168750.00
1019|446456392309518000000000000000000.00|18290.99|0.00|0.00|6432422309732450000000000000000000.00|54872.97|168750.00|168750.00
1020|477708339771185000000000000000000.00|18455.61|0.00|0.00|6910130649503630000000000000000000.00|55366.83|168750.00|168750.00
1021|511147923555168000000000000000000.00|18621.71|0.00|0.00|7421278573058800000000000000000000.00|55865.13|168750.00|168750.00
1022|546928278204029000000000000000000.00|18789.31|0.00|0.00|7968206851262830000000000000000000.00|56367.92|168750.00|168750.00
1023|585213257678311000000000000000000.00|18958.41|0.00|0.00|8553420108941140000000000000000000.00|56875.23|168750.00|168750.00
1024|626178185715793000000000000000000.00|19129.03|0.00|0.00|9179598294656940000000000000000000.00|57387.10|168750.00|168750.00
1025|670010658715899000000000000000000.00|19301.20|0.00|0.00|11226548697571400000000000000000000.00|57903.59|168750.00|168750.00
1026|716911404826012000000000000000000.00|19474.91|0.00|0.00|9896509699482950000000000000000000.00|58424.72|169050.00|168900.00
1027|767095203163833000000000000000000.00|19650.18|0.00|0.00|10663604902646800000000000000000000.00|58950.54|169350.00|169050.00
1028|820791867385301000000000000000000.00|19827.03|0.00|0.00|11484396770032100000000000000000000.00|59481.10|169650.00|169200.00
1029|878247298102272000000000000000000.00|20005.48|0.00|0.00|12362644068134400000000000000000000.00|60016.43|169950.00|169350.00
1030|939724608969431000000000000000000.00|20185.53|0.00|0.00|13302368677103800000000000000000000.00|60556.58|170250.00|169500.00
1031|1005505331597290000000000000000000.00|20367.19|0.00|0.00|14307874008701100000000000000000000.00|61101.58|170550.00|169650.00
1032|1075890704809100000000000000000000.00|20550.50|0.00|0.00|15383764713510200000000000000000000.00|61651.50|170850.00|169800.00
1033|1151203054145740000000000000000000.00|20735.45|0.00|0.00|16534967767655900000000000000000000.00|62206.36|171150.00|169950.00
1034|1231787267935940000000000000000000.00|20922.07|0.00|0.00|17766755035591900000000000000000000.00|62766.22|171450.00|170100.00
1035|1318012376691460000000000000000000.00|21110.37|0.00|0.00|19084767412283300000000000000000000.00|63331.12|171750.00|170250.00
1036|1410273243059860000000000000000000.00|21300.37|0.00|0.00|20495040655343200000000000000000000.00|63901.10|172050.00|170400.00
1037|1508992370074050000000000000000000.00|21492.07|0.00|0.00|22004033025417200000000000000000000.00|64476.21|172350.00|170550.00
1038|1614621835979230000000000000000000.00|21685.50|0.00|0.00|23618654861396500000000000000000000.00|65056.49|172650.00|170700.00
1039|1727645364497780000000000000000000.00|21880.67|0.00|0.00|25346300225894200000000000000000000.00|65642.00|172950.00|170850.00
1040|1848580540012620000000000000000000.00|22077.59|0.00|0.00|27194880765906900000000000000000000.00|66232.78|173250.00|171000.00
1041|1977981177813510000000000000000000.00|22276.29|0.00|0.00|29172861943720400000000000000000000.00|66828.87|173550.00|171150.00
1042|2116439860260450000000000000000000.00|22476.78|0.00|0.00|31289301803980800000000000000000000.00|67430.33|173850.00|171300.00
1043|2264590650478690000000000000000000.00|22679.07|0.00|0.00|33553892454459500000000000000000000.00|68037.21|174150.00|171450.00
1044|2423111996012190000000000000000000.00|22883.18|0.00|0.00|35977004450471700000000000000000000.00|68649.54|174450.00|171600.00
1045|2592729835733050000000000000000000.00|23089.13|0.00|0.00|38569734286204700000000000000000000.00|69267.39|174750.00|171750.00
1046|2774220924234360000000000000000000.00|23296.93|0.00|0.00|41343955210439100000000000000000000.00|69890.79|175050.00|171900.00
1047|2968416388930770000000000000000000.00|23506.60|0.00|0.00|44312371599369900000000000000000000.00|70519.81|175350.00|172050.00
1048|3176205536155920000000000000000000.00|23718.16|0.00|0.00|47488577135525800000000000000000000.00|71154.49|175650.00|172200.00
1049|3398539923686830000000000000000000.00|23931.63|0.00|0.00|50887117059212600000000000000000000.00|71794.88|175950.00|172350.00
1050|3636437718344910000000000000000000.00|24147.01|0.00|0.00|62156622336439400000000000000000000.00|72441.03|176250.00|172500.00
1051|4145538998913200000000000000000000.00|24364.33|0.00|0.00|55032656058125800000000000000000000.00|73093.00|172800.00|176400.00
1052|4435726728837120000000000000000000.00|24583.61|0.00|0.00|59468382786962900000000000000000000.00|73750.84|173100.00|176550.00
1053|4746227599855720000000000000000000.00|24804.87|0.00|0.00|64214610386818700000000000000000000.00|74414.60|173400.00|176700.00
1054|5078463531845620000000000000000000.00|25028.11|0.00|0.00|69293073918664300000000000000000000.00|75084.33|173700.00|176850.00
1055|5433955979074820000000000000000000.00|25253.36|0.00|0.00|74727029897739100000000000000000000.00|75760.09|174000.00|177000.00
1056|5814332897610060000000000000000000.00|25480.64|0.00|0.00|80541362795349200000000000000000000.00|76441.93|174300.00|177150.00
1057|6221336200442760000000000000000000.00|25709.97|0.00|0.00|86762698995791900000000000000000000.00|77129.91|174600.00|177300.00
1058|6656829734473750000000000000000000.00|25941.36|0.00|0.00|93419528730265700000000000000000000.00|77824.07|174900.00|177450.00
1059|7122807815886920000000000000000000.00|26174.83|0.00|0.00|100542336546153000000000000000000000.00|78524.49|175200.00|177600.00
1060|7621404362999000000000000000000000.00|26410.40|0.00|0.00|108163740909152000000000000000000000.00|79231.21|175500.00|177750.00
1061|8154902668408930000000000000000000.00|26648.10|0.00|0.00|116318643577561000000000000000000000.00|79944.29|175800.00|177900.00
1062|8725745855197560000000000000000000.00|26887.93|0.00|0.00|125044389432758000000000000000000000.00|80663.79|176100.00|178050.00
1063|9336548065061390000000000000000000.00|27129.92|0.00|0.00|134380937497819000000000000000000000.00|81389.76|176400.00|178200.00
1064|9990106429615690000000000000000000.00|27374.09|0.00|0.00|144371043927435000000000000000000000.00|82122.27|176700.00|178350.00
1065|10689413879688800000000000000000000.00|27620.46|0.00|0.00|155060457807124000000000000000000000.00|82861.37|177000.00|178500.00
1066|11437672851267000000000000000000000.00|27869.04|0.00|0.00|166498130658391000000000000000000000.00|83607.13|177300.00|178650.00
1067|12238309950855700000000000000000000.00|28119.86|0.00|0.00|178736440609247000000000000000000000.00|84359.59|177600.00|178800.00
1068|13094991647415600000000000000000000.00|28372.94|0.00|0.00|191831432256662000000000000000000000.00|85118.83|177900.00|178950.00
1069|14011641062734700000000000000000000.00|28628.30|0.00|0.00|205843073319397000000000000000000000.00|85884.90|178200.00|179100.00
1070|14992455937126100000000000000000000.00|28885.95|0.00|0.00|220835529256523000000000000000000000.00|86657.86|178500.00|179250.00
1071|16041927852724900000000000000000000.00|29145.93|0.00|0.00|236877457109248000000000000000000000.00|87437.78|178800.00|179400.00
1072|17164862802415700000000000000000000.00|29408.24|0.00|0.00|254042319911664000000000000000000000.00|88224.72|179100.00|179550.00
1073|18366403198584800000000000000000000.00|29672.91|0.00|0.00|272408723110248000000000000000000000.00|89018.74|179400.00|179700.00
1074|19652051422485700000000000000000000.00|29939.97|0.00|0.00|292060774532734000000000000000000000.00|89819.91|179700.00|179850.00
1075|21027695022059700000000000000000000.00|30209.43|0.00|0.00|415309740641251000000000000000000000.00|90628.29|180000.00|180000.00
1076|22499633673603900000000000000000000.00|30481.32|0.00|0.00|314560408206338000000000000000000000.00|91443.95|180300.00|180300.00
1077|24074608030756200000000000000000000.00|30755.65|0.00|0.00|338635016237094000000000000000000000.00|92266.94|180600.00|180600.00
1078|25759830592909100000000000000000000.00|31032.45|0.00|0.00|364394846830003000000000000000000000.00|93097.34|180900.00|180900.00
1079|27563018734412800000000000000000000.00|31311.74|0.00|0.00|391957865564416000000000000000000000.00|93935.22|181200.00|181200.00
1080|29492430045821700000000000000000000.00|31593.55|0.00|0.00|421450295610238000000000000000000000.00|94780.64|181500.00|181500.00
1081|33621370252236700000000000000000000.00|31877.89|0.00|0.00|455071665862474000000000000000000000.00|95633.66|181800.00|181800.00
1082|35974866169893200000000000000000000.00|32164.79|0.00|0.00|491046532032368000000000000000000000.00|96494.36|182100.00|182100.00
1083|38493106801785800000000000000000000.00|32454.27|0.00|0.00|529539638834153000000000000000000000.00|97362.81|182400.00|182400.00
1084|41187624277910800000000000000000000.00|32746.36|0.00|0.00|570727263112064000000000000000000000.00|98239.08|182700.00|182700.00
1085|44070757977364500000000000000000000.00|33041.08|0.00|0.00|614798021089429000000000000000000000.00|99123.23|183000.00|183000.00
1086|47155711035780100000000000000000000.00|33338.45|0.00|0.00|661953732125209000000000000000000000.00|100015.34|183300.00|183300.00
1087|50456610808284700000000000000000000.00|33638.49|0.00|0.00|712410342933494000000000000000000000.00|100915.48|183600.00|183600.00
1088|53988573564864600000000000000000000.00|33941.24|0.00|0.00|766398916498358000000000000000000000.00|101823.72|183900.00|183900.00
1089|57767773714405100000000000000000000.00|34246.71|0.00|0.00|824166690212763000000000000000000000.00|102740.13|184200.00|184200.00
1090|61811517874413500000000000000000000.00|34554.93|0.00|0.00|885978208087177000000000000000000000.00|103664.79|184500.00|184500.00
1091|70465130376831400000000000000000000.00|34865.93|0.00|0.00|956443338464008000000000000000000000.00|104597.78|184800.00|184800.00
1092|75397689503209600000000000000000000.00|35179.72|0.00|0.00|1031841027967220000000000000000000000.00|105539.16|185100.00|185100.00
1093|80675527768434300000000000000000000.00|35496.34|0.00|0.00|1112516555735650000000000000000000000.00|106489.01|185400.00|185400.00
1094|86322814712224600000000000000000000.00|35815.80|0.00|0.00|1198839370447880000000000000000000000.00|107447.41|185700.00|185700.00
1095|92365411742080400000000000000000000.00|36138.15|0.00|0.00|1291204782189960000000000000000000000.00|108414.44|186000.00|186000.00
1096|98830990564026000000000000000000000.00|36463.39|0.00|0.00|1390035772753980000000000000000000000.00|109390.17|186300.00|186300.00
1097|105749159903508000000000000000000000.00|36791.56|0.00|0.00|1495784932657490000000000000000000000.00|110374.68|186600.00|186600.00
1098|113151601096753000000000000000000000.00|37122.68|0.00|0.00|1608936533754240000000000000000000000.00|111368.05|186900.00|186900.00
1099|121072213173526000000000000000000000.00|37456.79|0.00|0.00|1730008746927770000000000000000000000.00|112370.36|187200.00|187200.00
1100|129547268095673000000000000000000000.00|37793.90|0.00|0.00|2465059076448160000000000000000000000.00|113381.69|187500.00|187500.00
1101|152865776352894000000000000000000000.00|38134.04|0.00|0.00|1882874523280660000000000000000000000.00|114402.13|187500.00|187500.00
1102|163566380697597000000000000000000000.00|38477.25|0.00|0.00|2046440903978260000000000000000000000.00|115431.75|187500.00|187500.00
1103|175016027346428000000000000000000000.00|38823.55|0.00|0.00|2221456931324690000000000000000000000.00|116470.64|187500.00|187500.00
1104|187267149260679000000000000000000000.00|39172.96|0.00|0.00|2408724080585370000000000000000000000.00|117518.87|187500.00|187500.00
1105|200375849708926000000000000000000000.00|39525.51|0.00|0.00|2609099930294290000000000000000000000.00|118576.54|187500.00|187500.00
1106|214402159188551000000000000000000000.00|39881.24|0.00|0.00|2823502089482850000000000000000000000.00|119643.73|187500.00|187500.00
1107|229410310331749000000000000000000000.00|40240.17|0.00|0.00|3052912399814590000000000000000000000.00|120720.52|187500.00|187500.00
1108|245469032054972000000000000000000000.00|40602.34|0.00|0.00|3298381431869570000000000000000000000.00|121807.01|187500.00|187500.00
1109|262651864298820000000000000000000000.00|40967.76|0.00|0.00|3561033296168390000000000000000000000.00|122903.27|187500.00|187500.00
1110|281037494799737000000000000000000000.00|41336.47|0.00|0.00|3842070790968120000000000000000000000.00|124009.40|187500.00|187500.00
1111|300710119435719000000000000000000000.00|41708.49|0.00|0.00|4142780910403840000000000000000000000.00|125125.48|187500.00|187500.00
1112|321759827796219000000000000000000000.00|42083.87|0.00|0.00|4464540738200060000000000000000000000.00|126251.61|187500.00|187500.00
1113|344283015741955000000000000000000000.00|42462.63|0.00|0.00|4808823753942020000000000000000000000.00|127387.88|187500.00|187500.00
1114|368382826843892000000000000000000000.00|42844.79|0.00|0.00|5177206580785910000000000000000000000.00|128534.37|187500.00|187500.00
1115|394169624722964000000000000000000000.00|43230.39|0.00|0.00|5571376205508870000000000000000000000.00|129691.18|187500.00|187500.00
1116|421761498453572000000000000000000000.00|43619.47|0.00|0.00|5993137703962440000000000000000000000.00|130858.40|187500.00|187500.00
1117|451284803345322000000000000000000000.00|44012.04|0.00|0.00|6444422507307770000000000000000000000.00|132036.13|187500.00|187500.00
1118|482874739579494000000000000000000000.00|44408.15|0.00|0.00|6927297246887260000000000000000000000.00|133224.45|187500.00|187500.00
1119|516675971350059000000000000000000000.00|44807.82|0.00|0.00|7443973218237320000000000000000000000.00|134423.47|187500.00|187500.00
1120|552843289344563000000000000000000000.00|45211.09|0.00|0.00|7996816507581880000000000000000000000.00|135633.28|187500.00|187500.00
1121|591542319598682000000000000000000000.00|45617.99|0.00|0.00|8588358827180560000000000000000000000.00|136853.98|187500.00|187500.00
1122|632950281970590000000000000000000000.00|46028.56|0.00|0.00|9221309109151150000000000000000000000.00|138085.67|187500.00|187500.00
1123|677256801708531000000000000000000000.00|46442.81|0.00|0.00|9898565910859690000000000000000000000.00|139328.44|187500.00|187500.00
1124|724664777828129000000000000000000000.00|46860.80|0.00|0.00|10623230688687800000000000000000000000.00|140582.39|187500.00|187500.00
1125|775391312276098000000000000000000000.00|47282.55|0.00|0.00|12992106604267100000000000000000000000.00|141847.64|187500.00|187500.00
1126|829668704135425000000000000000000000.00|47708.09|0.00|0.00|11452899392823200000000000000000000000.00|143124.26|187800.00|187650.00
1127|887745513424905000000000000000000000.00|48137.46|0.00|0.00|12340644906248100000000000000000000000.00|144412.38|188100.00|187800.00
1128|949887699364648000000000000000000000.00|48570.70|0.00|0.00|13290532605612800000000000000000000000.00|145712.09|188400.00|187950.00
1129|1016379838320170000000000000000000000.00|49007.83|0.00|0.00|14306912443933000000000000000000000000.00|147023.50|188700.00|188100.00
1130|1087526427002590000000000000000000000.00|49448.90|0.00|0.00|15394438870935500000000000000000000000.00|148346.71|189000.00|188250.00
1131|1163653276892770000000000000000000000.00|49893.94|0.00|0.00|16558092147828300000000000000000000000.00|149681.83|189300.00|188400.00
1132|1245109006275260000000000000000000000.00|50342.99|0.00|0.00|17803201154103600000000000000000000000.00|151028.97|189600.00|188550.00
1133|1332266636714530000000000000000000000.00|50796.08|0.00|0.00|19135467790818100000000000000000000000.00|152388.23|189900.00|188700.00
1134|1425525301284550000000000000000000000.00|51253.24|0.00|0.00|20560993092102700000000000000000000000.00|153759.73|190200.00|188850.00
1135|1525312072374460000000000000000000000.00|51714.52|0.00|0.00|22086305164477100000000000000000000000.00|155143.56|190500.00|189000.00
1136|1632083917440680000000000000000000000.00|52179.95|0.00|0.00|23718389081917800000000000000000000000.00|156539.86|190800.00|189150.00
1137|1746329791661520000000000000000000000.00|52649.57|0.00|0.00|25464718873579300000000000000000000000.00|157948.71|191100.00|189300.00
1138|1868572877077830000000000000000000000.00|53123.42|0.00|0.00|27333291750657100000000000000000000000.00|159370.25|191400.00|189450.00
1139|1999372978473280000000000000000000000.00|53601.53|0.00|0.00|29332664729130400000000000000000000000.00|160804.59|191700.00|189600.00
1140|2139329086966410000000000000000000000.00|54083.94|0.00|0.00|31471993816096800000000000000000000000.00|162251.83|192000.00|189750.00
1141|2289082123054060000000000000000000000.00|54570.70|0.00|0.00|33761075939150900000000000000000000000.00|163712.09|192300.00|189900.00
1142|2449317871667840000000000000000000000.00|55061.83|0.00|0.00|36210393810818700000000000000000000000.00|165185.50|192600.00|190050.00
1143|2620770122684590000000000000000000000.00|55557.39|0.00|0.00|38831163933503300000000000000000000000.00|166672.17|192900.00|190200.00
1144|2804224031272510000000000000000000000.00|56057.41|0.00|0.00|41635387964775800000000000000000000000.00|168172.22|193200.00|190350.00
1145|3000519713461590000000000000000000000.00|56561.92|0.00|0.00|44635907678237400000000000000000000000.00|169685.77|193500.00|190500.00
1146|3210556093403900000000000000000000000.00|57070.98|0.00|0.00|47846463771641300000000000000000000000.00|171212.94|193800.00|190650.00
1147|3435295019942170000000000000000000000.00|57584.62|0.00|0.00|51281758791583500000000000000000000000.00|172753.86|194100.00|190800.00
1148|3675765671338120000000000000000000000.00|58102.88|0.00|0.00|54957524462921600000000000000000000000.00|174308.64|194400.00|190950.00
1149|3933069268331790000000000000000000000.00|58625.81|0.00|0.00|58890593731253400000000000000000000000.00|175877.42|194700.00|191100.00
1150|4208384117115020000000000000000000000.00|59153.44|0.00|0.00|71932566908056400000000000000000000000.00|177460.32|195000.00|191250.00
1151|4797557893511120000000000000000000000.00|59685.82|0.00|0.00|63688151624764500000000000000000000000.00|179057.46|191550.00|195150.00
1152|5133386946056900000000000000000000000.00|60222.99|0.00|0.00|68821538570821400000000000000000000000.00|180668.98|191850.00|195300.00
1153|5492724032280880000000000000000000000.00|60765.00|0.00|0.00|74314262603102300000000000000000000000.00|182295.00|192150.00|195450.00
1154|5877214714540550000000000000000000000.00|61311.88|0.00|0.00|80191477317642900000000000000000000000.00|183935.65|192450.00|195600.00
1155|6288619744558390000000000000000000000.00|61863.69|0.00|0.00|86480097062201300000000000000000000000.00|185591.08|192750.00|195750.00
1156|6728823126677470000000000000000000000.00|62420.46|0.00|0.00|93208920188878700000000000000000000000.00|187261.39|193050.00|195900.00
1157|7199840745544900000000000000000000000.00|62982.25|0.00|0.00|100408760934424000000000000000000000000.00|188946.75|193350.00|196050.00
1158|7703829597733040000000000000000000000.00|63549.09|0.00|0.00|108112590532157000000000000000000000000.00|190647.27|193650.00|196200.00
1159|8243097669574350000000000000000000000.00|64121.03|0.00|0.00|116355688201731000000000000000000000000.00|192363.09|193950.00|196350.00
1160|8820114506444560000000000000000000000.00|64698.12|0.00|0.00|125175802708176000000000000000000000000.00|194094.36|194250.00|196500.00
1161|9437522521895680000000000000000000000.00|65280.40|0.00|0.00|134613325230071000000000000000000000000.00|195841.21|194550.00|196650.00
1162|10098149098428400000000000000000000000.00|65867.93|0.00|0.00|144711474328500000000000000000000000000.00|197603.78|194850.00|196800.00
1163|10805019535318400000000000000000000000.00|66460.74|0.00|0.00|155516493863818000000000000000000000000.00|199382.22|195150.00|196950.00
1164|11561370902790600000000000000000000000.00|67058.89|0.00|0.00|167077864766609000000000000000000000000.00|201176.66|195450.00|197100.00
1165|12370666865986000000000000000000000000.00|67662.42|0.00|0.00|179448531632595000000000000000000000000.00|202987.25|195750.00|197250.00
1166|13236613546605000000000000000000000000.00|68271.38|0.00|0.00|192685145179200000000000000000000000000.00|204814.13|196050.00|197400.00
1167|14163176494867400000000000000000000000.00|68885.82|0.00|0.00|206848321674067000000000000000000000000.00|206657.46|196350.00|197550.00
1168|15154598849508100000000000000000000000.00|69505.79|0.00|0.00|222002920523575000000000000000000000000.00|208517.37|196650.00|197700.00
1169|16215420768973700000000000000000000000.00|70131.34|0.00|0.00|238218341292549000000000000000000000000.00|210394.03|196950.00|197850.00
1170|17350500222801800000000000000000000000.00|70762.53|0.00|0.00|255568841515351000000000000000000000000.00|212287.58|197250.00|198000.00
1171|18565035238397900000000000000000000000.00|71399.39|0.00|0.00|274133876753748000000000000000000000000.00|214198.17|197550.00|198150.00
1172|19864587705085800000000000000000000000.00|72041.98|0.00|0.00|293998464458834000000000000000000000000.00|216125.95|197850.00|198300.00
1173|21255108844441800000000000000000000000.00|72690.36|0.00|0.00|315253573303276000000000000000000000000.00|218071.08|198150.00|198450.00
1174|22742966463552700000000000000000000000.00|73344.57|0.00|0.00|337996539766829000000000000000000000000.00|220033.72|198450.00|198600.00
1175|24334974116001400000000000000000000000.00|74004.68|0.00|0.00|480630302801220000000000000000000000000.00|222014.03|198750.00|198750.00
1176|26038422304121500000000000000000000000.00|74670.72|0.00|0.00|364034962070950000000000000000000000000.00|224012.15|199050.00|199050.00
1177|27861111865410000000000000000000000000.00|75342.75|0.00|0.00|391896073936360000000000000000000000000.00|226028.26|199350.00|199350.00
1178|29811389695988700000000000000000000000.00|76020.84|0.00|0.00|421707463632349000000000000000000000000.00|228062.52|199650.00|199650.00
1179|31898186974707900000000000000000000000.00|76705.03|0.00|0.00|453605650607057000000000000000000000000.00|230115.08|199950.00|199950.00
1180|34131060062937500000000000000000000000.00|77395.37|0.00|0.00|487736710669995000000000000000000000000.00|232186.11|200250.00|200250.00
1181|38909408471748700000000000000000000000.00|78091.93|0.00|0.00|526646119141743000000000000000000000000.00|234275.79|200550.00|200550.00
1182|41633067064771200000000000000000000000.00|78794.76|0.00|0.00|568279186206514000000000000000000000000.00|236384.27|200850.00|200850.00
1183|44547381759305200000000000000000000000.00|79503.91|0.00|0.00|612826567965820000000000000000000000000.00|238511.73|201150.00|201150.00
1184|47665698482456500000000000000000000000.00|80219.45|0.00|0.00|660492266448276000000000000000000000000.00|240658.34|201450.00|201450.00
1185|51002297376228500000000000000000000000.00|80941.42|0.00|0.00|711494563824505000000000000000000000000.00|242824.26|201750.00|201750.00
1186|54572458192564500000000000000000000000.00|81669.89|0.00|0.00|766067022017069000000000000000000000000.00|245009.68|202050.00|202050.00
1187|58392530266044000000000000000000000000.00|82404.92|0.00|0.00|824459552283113000000000000000000000000.00|247214.77|202350.00|202350.00
1188|62480007384667100000000000000000000000.00|83146.57|0.00|0.00|886939559667780000000000000000000000000.00|249439.70|202650.00|202650.00
1189|66853607901593800000000000000000000000.00|83894.89|0.00|0.00|953793167569374000000000000000000000000.00|251684.66|202950.00|202950.00
1190|71533360454705300000000000000000000000.00|84649.94|0.00|0.00|1025326528024080000000000000000000000000.00|253949.82|203250.00|203250.00
1191|81548030918364100000000000000000000000.00|85411.79|0.00|0.00|1106874558942440000000000000000000000000.00|256235.37|203550.00|203550.00
1192|87256393082649600000000000000000000000.00|86180.49|0.00|0.00|1194130952025090000000000000000000000000.00|258541.48|203850.00|203850.00
1193|93364340598435000000000000000000000000.00|86956.12|0.00|0.00|1287495292623530000000000000000000000000.00|260868.36|204150.00|204150.00
1194|99899844440325500000000000000000000000.00|87738.72|0.00|0.00|1387395137063850000000000000000000000000.00|263216.17|204450.00|204450.00
1195|106892833551148000000000000000000000000.00|88528.37|0.00|0.00|1494287970615000000000000000000000000000.00|265585.12|204750.00|204750.00
1196|114375331899729000000000000000000000000.00|89325.13|0.00|0.00|1608663302514730000000000000000000000000.00|267975.38|205050.00|205050.00
1197|122381605132710000000000000000000000000.00|90129.05|0.00|0.00|1731044907647440000000000000000000000000.00|270387.16|205350.00|205350.00
1198|130948317491999000000000000000000000000.00|90940.22|0.00|0.00|1861993225139440000000000000000000000000.00|272820.65|205650.00|205650.00
1199|140114699716439000000000000000000000000.00|91758.68|0.00|0.00|2002107924855880000000000000000000000000.00|275276.03|205950.00|205950.00
1200|149922728696590000000000000000000000000.00|92584.51|0.00|0.00|2852768427252030000000000000000000000000.00|277753.52|206250.00|206250.00